accession	study	object_status	bioproject_accession	biosample_accession	sample_name	library_ID	title	library_strategy	library_source	library_selection	library_layout	platform	instrument_model	design_description	filetype	filename	filename2	filename3	filename4	assembly	fasta_file
SRR23204335	SRP418877	new	PRJNA880624	SAMN32890363	MEMO001	MEMO001	Virome of mosquito: Culex pipiens pipiens	WGS	METAGENOMIC	RANDOM PCR	paired	ILLUMINA	NextSeq 550	NetoVIR viral particle enrichment	fastq	MEMO001.R1.fastq.gz	MEMO001.R2.fastq.gz				
SRR23204334	SRP418877	new	PRJNA880624	SAMN32890364	MEMO002	MEMO002	Virome of mosquito: Culex pipiens pipiens	WGS	METAGENOMIC	RANDOM PCR	paired	ILLUMINA	NextSeq 550	NetoVIR viral particle enrichment	fastq	MEMO002.R1.fastq.gz	MEMO002.R2.fastq.gz				
SRR23204290	SRP418877	new	PRJNA880624	SAMN32890365	MEMO003	MEMO003	Virome of mosquito: Culex pipiens pipiens	WGS	METAGENOMIC	RANDOM PCR	paired	ILLUMINA	NextSeq 550	NetoVIR viral particle enrichment	fastq	MEMO003.R1.fastq.gz	MEMO003.R2.fastq.gz				
SRR23204279	SRP418877	new	PRJNA880624	SAMN32890366	MEMO004	MEMO004	Virome of mosquito: Culex torrentium	WGS	METAGENOMIC	RANDOM PCR	paired	ILLUMINA	NextSeq 550	NetoVIR viral particle enrichment	fastq	MEMO004.R1.fastq.gz	MEMO004.R2.fastq.gz				
SRR23204204	SRP418877	new	PRJNA880624	SAMN32890367	MEMO005	MEMO005	Virome of mosquito: Culex pipiens pipiens	WGS	METAGENOMIC	RANDOM PCR	paired	ILLUMINA	NextSeq 550	NetoVIR viral particle enrichment	fastq	MEMO005.R1.fastq.gz	MEMO005.R2.fastq.gz				
SRR23204193	SRP418877	new	PRJNA880624	SAMN32890368	MEMO006	MEMO006	Virome of mosquito: Culex pipiens pipiens	WGS	METAGENOMIC	RANDOM PCR	paired	ILLUMINA	NextSeq 550	NetoVIR viral particle enrichment	fastq	MEMO006.R1.fastq.gz	MEMO006.R2.fastq.gz				
SRR23204182	SRP418877	new	PRJNA880624	SAMN32890369	MEMO007	MEMO007	Virome of mosquito: Culex pipiens pipiens	WGS	METAGENOMIC	RANDOM PCR	paired	ILLUMINA	NextSeq 550	NetoVIR viral particle enrichment	fastq	MEMO007.R1.fastq.gz	MEMO007.R2.fastq.gz				
SRR23204267	SRP418877	new	PRJNA880624	SAMN32890370	MEMO008	MEMO008	Virome of mosquito: Culex pipiens pipiens	WGS	METAGENOMIC	RANDOM PCR	paired	ILLUMINA	NextSeq 550	NetoVIR viral particle enrichment	fastq	MEMO008.R1.fastq.gz	MEMO008.R2.fastq.gz				
SRR23204256	SRP418877	new	PRJNA880624	SAMN32890371	MEMO010	MEMO010	Virome of mosquito: Culex pipiens pipiens	WGS	METAGENOMIC	RANDOM PCR	paired	ILLUMINA	NextSeq 550	NetoVIR viral particle enrichment	fastq	MEMO010.R1.fastq.gz	MEMO010.R2.fastq.gz				
SRR23204245	SRP418877	new	PRJNA880624	SAMN32890372	MEMO011	MEMO011	Virome of mosquito: Culex torrentium	WGS	METAGENOMIC	RANDOM PCR	paired	ILLUMINA	NextSeq 550	NetoVIR viral particle enrichment	fastq	MEMO011.R1.fastq.gz	MEMO011.R2.fastq.gz				
SRR23204333	SRP418877	new	PRJNA880624	SAMN32890373	MEMO012	MEMO012	Virome of mosquito: Culex pipiens pipiens	WGS	METAGENOMIC	RANDOM PCR	paired	ILLUMINA	NextSeq 550	NetoVIR viral particle enrichment	fastq	MEMO012.R1.fastq.gz	MEMO012.R2.fastq.gz				
SRR23204322	SRP418877	new	PRJNA880624	SAMN32890374	MEMO013	MEMO013	Virome of mosquito: Culex pipiens pipiens	WGS	METAGENOMIC	RANDOM PCR	paired	ILLUMINA	NextSeq 550	NetoVIR viral particle enrichment	fastq	MEMO013.R1.fastq.gz	MEMO013.R2.fastq.gz				
SRR23204311	SRP418877	new	PRJNA880624	SAMN32890375	MEMO014	MEMO014	Virome of mosquito: Culex pipiens pipiens	WGS	METAGENOMIC	RANDOM PCR	paired	ILLUMINA	NextSeq 550	NetoVIR viral particle enrichment	fastq	MEMO014.R1.fastq.gz	MEMO014.R2.fastq.gz				
SRR23204236	SRP418877	new	PRJNA880624	SAMN32890376	MEMO015	MEMO015	Virome of mosquito: Culex pipiens pipiens	WGS	METAGENOMIC	RANDOM PCR	paired	ILLUMINA	NextSeq 550	NetoVIR viral particle enrichment	fastq	MEMO015.R1.fastq.gz	MEMO015.R2.fastq.gz				
SRR23204225	SRP418877	new	PRJNA880624	SAMN32890377	MEMO016	MEMO016	Virome of mosquito: Culex pipiens pipiens	WGS	METAGENOMIC	RANDOM PCR	paired	ILLUMINA	NextSeq 550	NetoVIR viral particle enrichment	fastq	MEMO016.R1.fastq.gz	MEMO016.R2.fastq.gz				
SRR23204214	SRP418877	new	PRJNA880624	SAMN32890378	MEMO017	MEMO017	Virome of mosquito: Culex pipiens pipiens	WGS	METAGENOMIC	RANDOM PCR	paired	ILLUMINA	NextSeq 550	NetoVIR viral particle enrichment	fastq	MEMO017.R1.fastq.gz	MEMO017.R2.fastq.gz				
SRR23204171	SRP418877	new	PRJNA880624	SAMN32890379	MEMO018	MEMO018	Virome of mosquito: Culex torrentium	WGS	METAGENOMIC	RANDOM PCR	paired	ILLUMINA	NextSeq 550	NetoVIR viral particle enrichment	fastq	MEMO018.R1.fastq.gz	MEMO018.R2.fastq.gz				
SRR23204160	SRP418877	new	PRJNA880624	SAMN32890380	MEMO019	MEMO019	Virome of mosquito: Culex pipiens pipiens	WGS	METAGENOMIC	RANDOM PCR	paired	ILLUMINA	NextSeq 550	NetoVIR viral particle enrichment	fastq	MEMO019.R1.fastq.gz	MEMO019.R2.fastq.gz				
SRR23204149	SRP418877	new	PRJNA880624	SAMN32890381	MEMO021	MEMO021	Virome of mosquito: Culex torrentium	WGS	METAGENOMIC	RANDOM PCR	paired	ILLUMINA	NextSeq 550	NetoVIR viral particle enrichment	fastq	MEMO021.R1.fastq.gz	MEMO021.R2.fastq.gz				
SRR23204298	SRP418877	new	PRJNA880624	SAMN32890382	MEMO022	MEMO022	Virome of mosquito: Culex pipiens pipiens	WGS	METAGENOMIC	RANDOM PCR	paired	ILLUMINA	NextSeq 550	NetoVIR viral particle enrichment	fastq	MEMO022.R1.fastq.gz	MEMO022.R2.fastq.gz				
SRR23204289	SRP418877	new	PRJNA880624	SAMN32890383	MEMO023	MEMO023	Virome of mosquito: Culex torrentium	WGS	METAGENOMIC	RANDOM PCR	paired	ILLUMINA	NextSeq 550	NetoVIR viral particle enrichment	fastq	MEMO023.R1.fastq.gz	MEMO023.R2.fastq.gz				
SRR23204288	SRP418877	new	PRJNA880624	SAMN32890384	MEMO024	MEMO024	Virome of mosquito: Culex pipiens pipiens	WGS	METAGENOMIC	RANDOM PCR	paired	ILLUMINA	NextSeq 550	NetoVIR viral particle enrichment	fastq	MEMO024.R1.fastq.gz	MEMO024.R2.fastq.gz				
SRR23204287	SRP418877	new	PRJNA880624	SAMN32890385	MEMO025	MEMO025	Virome of mosquito: Culex pipiens pipiens	WGS	METAGENOMIC	RANDOM PCR	paired	ILLUMINA	NextSeq 550	NetoVIR viral particle enrichment	fastq	MEMO025.R1.fastq.gz	MEMO025.R2.fastq.gz				
SRR23204286	SRP418877	new	PRJNA880624	SAMN32890386	MEMO026	MEMO026	Virome of mosquito: Culex pipiens pipiens	WGS	METAGENOMIC	RANDOM PCR	paired	ILLUMINA	NextSeq 550	NetoVIR viral particle enrichment	fastq	MEMO026.R1.fastq.gz	MEMO026.R2.fastq.gz				
SRR23204285	SRP418877	new	PRJNA880624	SAMN32890387	MEMO027	MEMO027	Virome of mosquito: Culex pipiens pipiens	WGS	METAGENOMIC	RANDOM PCR	paired	ILLUMINA	NextSeq 550	NetoVIR viral particle enrichment	fastq	MEMO027.R1.fastq.gz	MEMO027.R2.fastq.gz				
SRR23204284	SRP418877	new	PRJNA880624	SAMN32890388	MEMO028	MEMO028	Virome of mosquito: Culex torrentium	WGS	METAGENOMIC	RANDOM PCR	paired	ILLUMINA	NextSeq 550	NetoVIR viral particle enrichment	fastq	MEMO028.R1.fastq.gz	MEMO028.R2.fastq.gz				
SRR23204283	SRP418877	new	PRJNA880624	SAMN32890389	MEMO029	MEMO029	Virome of mosquito: Culex pipiens pipiens	WGS	METAGENOMIC	RANDOM PCR	paired	ILLUMINA	NextSeq 550	NetoVIR viral particle enrichment	fastq	MEMO029.R1.fastq.gz	MEMO029.R2.fastq.gz				
SRR23204282	SRP418877	new	PRJNA880624	SAMN32890390	MEMO030	MEMO030	Virome of mosquito: Culex pipiens pipiens	WGS	METAGENOMIC	RANDOM PCR	paired	ILLUMINA	NextSeq 550	NetoVIR viral particle enrichment	fastq	MEMO030.R1.fastq.gz	MEMO030.R2.fastq.gz				
SRR23204281	SRP418877	new	PRJNA880624	SAMN32890391	MEMO031	MEMO031	Virome of mosquito: Culex pipiens pipiens	WGS	METAGENOMIC	RANDOM PCR	paired	ILLUMINA	NextSeq 550	NetoVIR viral particle enrichment	fastq	MEMO031.R1.fastq.gz	MEMO031.R2.fastq.gz				
SRR23204280	SRP418877	new	PRJNA880624	SAMN32890392	MEMO032	MEMO032	Virome of mosquito: Culex pipiens pipiens	WGS	METAGENOMIC	RANDOM PCR	paired	ILLUMINA	NextSeq 550	NetoVIR viral particle enrichment	fastq	MEMO032.R1.fastq.gz	MEMO032.R2.fastq.gz				
SRR23204278	SRP418877	new	PRJNA880624	SAMN32890393	MEMO033	MEMO033	Virome of mosquito: Culex pipiens molestus	WGS	METAGENOMIC	RANDOM PCR	paired	ILLUMINA	NextSeq 550	NetoVIR viral particle enrichment	fastq	MEMO033.R1.fastq.gz	MEMO033.R2.fastq.gz				
SRR23204277	SRP418877	new	PRJNA880624	SAMN32890394	MEMO034	MEMO034	Virome of mosquito: Culex pipiens pipiens	WGS	METAGENOMIC	RANDOM PCR	paired	ILLUMINA	NextSeq 550	NetoVIR viral particle enrichment	fastq	MEMO034.R1.fastq.gz	MEMO034.R2.fastq.gz				
SRR23204276	SRP418877	new	PRJNA880624	SAMN32890395	MEMO035	MEMO035	Virome of mosquito: Culex pipiens pipiens	WGS	METAGENOMIC	RANDOM PCR	paired	ILLUMINA	NextSeq 550	NetoVIR viral particle enrichment	fastq	MEMO035.R1.fastq.gz	MEMO035.R2.fastq.gz				
SRR23204275	SRP418877	new	PRJNA880624	SAMN32890396	MEMO036	MEMO036	Virome of mosquito: Culex pipiens pipiens	WGS	METAGENOMIC	RANDOM PCR	paired	ILLUMINA	NextSeq 550	NetoVIR viral particle enrichment	fastq	MEMO036.R1.fastq.gz	MEMO036.R2.fastq.gz				
SRR23204274	SRP418877	new	PRJNA880624	SAMN32890397	MEMO037	MEMO037	Virome of mosquito: Culex pipiens pipiens	WGS	METAGENOMIC	RANDOM PCR	paired	ILLUMINA	NextSeq 550	NetoVIR viral particle enrichment	fastq	MEMO037.R1.fastq.gz	MEMO037.R2.fastq.gz				
SRR23204273	SRP418877	new	PRJNA880624	SAMN32890398	MEMO038	MEMO038	Virome of mosquito: Culex pipiens pipiens	WGS	METAGENOMIC	RANDOM PCR	paired	ILLUMINA	NextSeq 550	NetoVIR viral particle enrichment	fastq	MEMO038.R1.fastq.gz	MEMO038.R2.fastq.gz				
SRR23204272	SRP418877	new	PRJNA880624	SAMN32890399	MEMO039	MEMO039	Virome of mosquito: Culex pipiens molestus	WGS	METAGENOMIC	RANDOM PCR	paired	ILLUMINA	NextSeq 550	NetoVIR viral particle enrichment	fastq	MEMO039.R1.fastq.gz	MEMO039.R2.fastq.gz				
SRR23204207	SRP418877	new	PRJNA880624	SAMN32890400	MEMO040	MEMO040	Virome of mosquito: Culex pipiens pipiens	WGS	METAGENOMIC	RANDOM PCR	paired	ILLUMINA	NextSeq 550	NetoVIR viral particle enrichment	fastq	MEMO040.R1.fastq.gz	MEMO040.R2.fastq.gz				
SRR23204206	SRP418877	new	PRJNA880624	SAMN32890401	MEMO041	MEMO041	Virome of mosquito: Culex pipiens pipiens	WGS	METAGENOMIC	RANDOM PCR	paired	ILLUMINA	NextSeq 550	NetoVIR viral particle enrichment	fastq	MEMO041.R1.fastq.gz	MEMO041.R2.fastq.gz				
SRR23204205	SRP418877	new	PRJNA880624	SAMN32890402	MEMO042	MEMO042	Virome of mosquito: Culex torrentium	WGS	METAGENOMIC	RANDOM PCR	paired	ILLUMINA	NextSeq 550	NetoVIR viral particle enrichment	fastq	MEMO042.R1.fastq.gz	MEMO042.R2.fastq.gz				
SRR23204203	SRP418877	new	PRJNA880624	SAMN32890403	MEMO043	MEMO043	Virome of mosquito: Culex pipiens pipiens	WGS	METAGENOMIC	RANDOM PCR	paired	ILLUMINA	NextSeq 550	NetoVIR viral particle enrichment	fastq	MEMO043.R1.fastq.gz	MEMO043.R2.fastq.gz				
SRR23204202	SRP418877	new	PRJNA880624	SAMN32890404	MEMO044	MEMO044	Virome of mosquito: Culex pipiens molestus	WGS	METAGENOMIC	RANDOM PCR	paired	ILLUMINA	NextSeq 550	NetoVIR viral particle enrichment	fastq	MEMO044.R1.fastq.gz	MEMO044.R2.fastq.gz				
SRR23204201	SRP418877	new	PRJNA880624	SAMN32890405	MEMO045	MEMO045	Virome of mosquito: Culex pipiens molestus	WGS	METAGENOMIC	RANDOM PCR	paired	ILLUMINA	NextSeq 550	NetoVIR viral particle enrichment	fastq	MEMO045.R1.fastq.gz	MEMO045.R2.fastq.gz				
SRR23204200	SRP418877	new	PRJNA880624	SAMN32890406	MEMO047	MEMO047	Virome of mosquito: Culex pipiens molestus	WGS	METAGENOMIC	RANDOM PCR	paired	ILLUMINA	NextSeq 550	NetoVIR viral particle enrichment	fastq	MEMO047.R1.fastq.gz	MEMO047.R2.fastq.gz				
SRR23204199	SRP418877	new	PRJNA880624	SAMN32890407	MEMO048	MEMO048	Virome of mosquito: Culex pipiens molestus	WGS	METAGENOMIC	RANDOM PCR	paired	ILLUMINA	NextSeq 550	NetoVIR viral particle enrichment	fastq	MEMO048.R1.fastq.gz	MEMO048.R2.fastq.gz				
SRR23204198	SRP418877	new	PRJNA880624	SAMN32890408	MEMO049	MEMO049	Virome of mosquito: Culex pipiens pipiens	WGS	METAGENOMIC	RANDOM PCR	paired	ILLUMINA	NextSeq 550	NetoVIR viral particle enrichment	fastq	MEMO049.R1.fastq.gz	MEMO049.R2.fastq.gz				
SRR23204197	SRP418877	new	PRJNA880624	SAMN32890409	MEMO050	MEMO050	Virome of mosquito: Culex pipiens molestus	WGS	METAGENOMIC	RANDOM PCR	paired	ILLUMINA	NextSeq 550	NetoVIR viral particle enrichment	fastq	MEMO050.R1.fastq.gz	MEMO050.R2.fastq.gz				
SRR23204196	SRP418877	new	PRJNA880624	SAMN32890410	MEMO051	MEMO051	Virome of mosquito: Culex pipiens molestus	WGS	METAGENOMIC	RANDOM PCR	paired	ILLUMINA	NextSeq 550	NetoVIR viral particle enrichment	fastq	MEMO051.R1.fastq.gz	MEMO051.R2.fastq.gz				
SRR23204195	SRP418877	new	PRJNA880624	SAMN32890411	MEMO052	MEMO052	Virome of mosquito: Culex pipiens pipiens	WGS	METAGENOMIC	RANDOM PCR	paired	ILLUMINA	NextSeq 550	NetoVIR viral particle enrichment	fastq	MEMO052.R1.fastq.gz	MEMO052.R2.fastq.gz				
SRR23204194	SRP418877	new	PRJNA880624	SAMN32890412	MEMO053	MEMO053	Virome of mosquito: Culex pipiens pipiens	WGS	METAGENOMIC	RANDOM PCR	paired	ILLUMINA	NextSeq 550	NetoVIR viral particle enrichment	fastq	MEMO053.R1.fastq.gz	MEMO053.R2.fastq.gz				
SRR23204192	SRP418877	new	PRJNA880624	SAMN32890413	MEMO054	MEMO054	Virome of mosquito: Culex pipiens pipiens	WGS	METAGENOMIC	RANDOM PCR	paired	ILLUMINA	NextSeq 550	NetoVIR viral particle enrichment	fastq	MEMO054.R1.fastq.gz	MEMO054.R2.fastq.gz				
SRR23204191	SRP418877	new	PRJNA880624	SAMN32890414	MEMO055	MEMO055	Virome of mosquito: Culex pipiens pipiens	WGS	METAGENOMIC	RANDOM PCR	paired	ILLUMINA	NextSeq 550	NetoVIR viral particle enrichment	fastq	MEMO055.R1.fastq.gz	MEMO055.R2.fastq.gz				
SRR23204190	SRP418877	new	PRJNA880624	SAMN32890415	MEMO056	MEMO056	Virome of mosquito: Culex pipiens molestus	WGS	METAGENOMIC	RANDOM PCR	paired	ILLUMINA	NextSeq 550	NetoVIR viral particle enrichment	fastq	MEMO056.R1.fastq.gz	MEMO056.R2.fastq.gz				
SRR23204189	SRP418877	new	PRJNA880624	SAMN32890416	MEMO057	MEMO057	Virome of mosquito: Culex pipiens molestus	WGS	METAGENOMIC	RANDOM PCR	paired	ILLUMINA	NextSeq 550	NetoVIR viral particle enrichment	fastq	MEMO057.R1.fastq.gz	MEMO057.R2.fastq.gz				
SRR23204188	SRP418877	new	PRJNA880624	SAMN32890417	MEMO058	MEMO058	Virome of mosquito: Culex pipiens molestus	WGS	METAGENOMIC	RANDOM PCR	paired	ILLUMINA	NextSeq 550	NetoVIR viral particle enrichment	fastq	MEMO058.R1.fastq.gz	MEMO058.R2.fastq.gz				
SRR23204187	SRP418877	new	PRJNA880624	SAMN32890418	MEMO059	MEMO059	Virome of mosquito: Culex pipiens pipiens	WGS	METAGENOMIC	RANDOM PCR	paired	ILLUMINA	NextSeq 550	NetoVIR viral particle enrichment	fastq	MEMO059.R1.fastq.gz	MEMO059.R2.fastq.gz				
SRR23204186	SRP418877	new	PRJNA880624	SAMN32890419	MEMO060	MEMO060	Virome of mosquito: Culex pipiens molestus	WGS	METAGENOMIC	RANDOM PCR	paired	ILLUMINA	NextSeq 550	NetoVIR viral particle enrichment	fastq	MEMO060.R1.fastq.gz	MEMO060.R2.fastq.gz				
SRR23204185	SRP418877	new	PRJNA880624	SAMN32890420	MEMO061	MEMO061	Virome of mosquito: Culex pipiens molestus	WGS	METAGENOMIC	RANDOM PCR	paired	ILLUMINA	NextSeq 550	NetoVIR viral particle enrichment	fastq	MEMO061.R1.fastq.gz	MEMO061.R2.fastq.gz				
SRR23204184	SRP418877	new	PRJNA880624	SAMN32890421	MEMO062	MEMO062	Virome of mosquito: Culex pipiens molestus	WGS	METAGENOMIC	RANDOM PCR	paired	ILLUMINA	NextSeq 550	NetoVIR viral particle enrichment	fastq	MEMO062.R1.fastq.gz	MEMO062.R2.fastq.gz				
SRR23204183	SRP418877	new	PRJNA880624	SAMN32890422	MEMO063	MEMO063	Virome of mosquito: Culex pipiens molestus	WGS	METAGENOMIC	RANDOM PCR	paired	ILLUMINA	NextSeq 550	NetoVIR viral particle enrichment	fastq	MEMO063.R1.fastq.gz	MEMO063.R2.fastq.gz				
SRR23204181	SRP418877	new	PRJNA880624	SAMN32890423	MEMO064	MEMO064	Virome of mosquito: Culex pipiens molestus	WGS	METAGENOMIC	RANDOM PCR	paired	ILLUMINA	NextSeq 550	NetoVIR viral particle enrichment	fastq	MEMO064.R1.fastq.gz	MEMO064.R2.fastq.gz				
SRR23204180	SRP418877	new	PRJNA880624	SAMN32890424	MEMO065	MEMO065	Virome of mosquito: Culex pipiens molestus	WGS	METAGENOMIC	RANDOM PCR	paired	ILLUMINA	NextSeq 550	NetoVIR viral particle enrichment	fastq	MEMO065.R1.fastq.gz	MEMO065.R2.fastq.gz				
SRR23204179	SRP418877	new	PRJNA880624	SAMN32890425	MEMO066	MEMO066	Virome of mosquito: Culex pipiens molestus	WGS	METAGENOMIC	RANDOM PCR	paired	ILLUMINA	NextSeq 550	NetoVIR viral particle enrichment	fastq	MEMO066.R1.fastq.gz	MEMO066.R2.fastq.gz				
SRR23204178	SRP418877	new	PRJNA880624	SAMN32890426	MEMO067	MEMO067	Virome of mosquito: Culex pipiens molestus	WGS	METAGENOMIC	RANDOM PCR	paired	ILLUMINA	NextSeq 550	NetoVIR viral particle enrichment	fastq	MEMO067.R1.fastq.gz	MEMO067.R2.fastq.gz				
SRR23204177	SRP418877	new	PRJNA880624	SAMN32890427	MEMO068	MEMO068	Virome of mosquito: Culex pipiens molestus	WGS	METAGENOMIC	RANDOM PCR	paired	ILLUMINA	NextSeq 550	NetoVIR viral particle enrichment	fastq	MEMO068.R1.fastq.gz	MEMO068.R2.fastq.gz				
SRR23204176	SRP418877	new	PRJNA880624	SAMN32890428	MEMO069	MEMO069	Virome of mosquito: Culex pipiens molestus	WGS	METAGENOMIC	RANDOM PCR	paired	ILLUMINA	NextSeq 550	NetoVIR viral particle enrichment	fastq	MEMO069.R1.fastq.gz	MEMO069.R2.fastq.gz				
SRR23204271	SRP418877	new	PRJNA880624	SAMN32890429	MEMO070	MEMO070	Virome of mosquito: Culex pipiens molestus	WGS	METAGENOMIC	RANDOM PCR	paired	ILLUMINA	NextSeq 550	NetoVIR viral particle enrichment	fastq	MEMO070.R1.fastq.gz	MEMO070.R2.fastq.gz				
SRR23204270	SRP418877	new	PRJNA880624	SAMN32890430	MEMO071	MEMO071	Virome of mosquito: Culex pipiens molestus	WGS	METAGENOMIC	RANDOM PCR	paired	ILLUMINA	NextSeq 550	NetoVIR viral particle enrichment	fastq	MEMO071.R1.fastq.gz	MEMO071.R2.fastq.gz				
SRR23204269	SRP418877	new	PRJNA880624	SAMN32890431	MEMO072	MEMO072	Virome of mosquito: Culex pipiens molestus	WGS	METAGENOMIC	RANDOM PCR	paired	ILLUMINA	NextSeq 550	NetoVIR viral particle enrichment	fastq	MEMO072.R1.fastq.gz	MEMO072.R2.fastq.gz				
SRR23204268	SRP418877	new	PRJNA880624	SAMN32890432	MEMO073	MEMO073	Virome of mosquito: Culex pipiens molestus	WGS	METAGENOMIC	RANDOM PCR	paired	ILLUMINA	NextSeq 550	NetoVIR viral particle enrichment	fastq	MEMO073.R1.fastq.gz	MEMO073.R2.fastq.gz				
SRR23204266	SRP418877	new	PRJNA880624	SAMN32890433	MEMO074	MEMO074	Virome of mosquito: Culex pipiens molestus	WGS	METAGENOMIC	RANDOM PCR	paired	ILLUMINA	NextSeq 550	NetoVIR viral particle enrichment	fastq	MEMO074.R1.fastq.gz	MEMO074.R2.fastq.gz				
SRR23204265	SRP418877	new	PRJNA880624	SAMN32890434	MEMO075	MEMO075	Virome of mosquito: Culex pipiens molestus	WGS	METAGENOMIC	RANDOM PCR	paired	ILLUMINA	NextSeq 550	NetoVIR viral particle enrichment	fastq	MEMO075.R1.fastq.gz	MEMO075.R2.fastq.gz				
SRR23204264	SRP418877	new	PRJNA880624	SAMN32890435	MEMO077	MEMO077	Virome of mosquito: Culex pipiens molestus	WGS	METAGENOMIC	RANDOM PCR	paired	ILLUMINA	NextSeq 550	NetoVIR viral particle enrichment	fastq	MEMO077.R1.fastq.gz	MEMO077.R2.fastq.gz				
SRR23204263	SRP418877	new	PRJNA880624	SAMN32890436	MEMO078	MEMO078	Virome of mosquito: Culex pipiens pipiens	WGS	METAGENOMIC	RANDOM PCR	paired	ILLUMINA	NextSeq 550	NetoVIR viral particle enrichment	fastq	MEMO078.R1.fastq.gz	MEMO078.R2.fastq.gz				
SRR23204262	SRP418877	new	PRJNA880624	SAMN32890437	MEMO079	MEMO079	Virome of mosquito: Culex pipiens molestus	WGS	METAGENOMIC	RANDOM PCR	paired	ILLUMINA	NextSeq 550	NetoVIR viral particle enrichment	fastq	MEMO079.R1.fastq.gz	MEMO079.R2.fastq.gz				
SRR23204261	SRP418877	new	PRJNA880624	SAMN32890438	MEMO080	MEMO080	Virome of mosquito: Culex pipiens pipiens	WGS	METAGENOMIC	RANDOM PCR	paired	ILLUMINA	NextSeq 550	NetoVIR viral particle enrichment	fastq	MEMO080.R1.fastq.gz	MEMO080.R2.fastq.gz				
SRR23204260	SRP418877	new	PRJNA880624	SAMN32890439	MEMO081	MEMO081	Virome of mosquito: Culex torrentium	WGS	METAGENOMIC	RANDOM PCR	paired	ILLUMINA	NextSeq 550	NetoVIR viral particle enrichment	fastq	MEMO081.R1.fastq.gz	MEMO081.R2.fastq.gz				
SRR23204259	SRP418877	new	PRJNA880624	SAMN32890440	MEMO082	MEMO082	Virome of mosquito: Culex pipiens pipiens	WGS	METAGENOMIC	RANDOM PCR	paired	ILLUMINA	NextSeq 550	NetoVIR viral particle enrichment	fastq	MEMO082.R1.fastq.gz	MEMO082.R2.fastq.gz				
SRR23204258	SRP418877	new	PRJNA880624	SAMN32890441	MEMO083	MEMO083	Virome of mosquito: Culex pipiens molestus	WGS	METAGENOMIC	RANDOM PCR	paired	ILLUMINA	NextSeq 550	NetoVIR viral particle enrichment	fastq	MEMO083.R1.fastq.gz	MEMO083.R2.fastq.gz				
SRR23204257	SRP418877	new	PRJNA880624	SAMN32890442	MEMO084	MEMO084	Virome of mosquito: Culex pipiens molestus	WGS	METAGENOMIC	RANDOM PCR	paired	ILLUMINA	NextSeq 550	NetoVIR viral particle enrichment	fastq	MEMO084.R1.fastq.gz	MEMO084.R2.fastq.gz				
SRR23204255	SRP418877	new	PRJNA880624	SAMN32890443	MEMO085	MEMO085	Virome of mosquito: Culex pipiens pipiens	WGS	METAGENOMIC	RANDOM PCR	paired	ILLUMINA	NextSeq 550	NetoVIR viral particle enrichment	fastq	MEMO085.R1.fastq.gz	MEMO085.R2.fastq.gz				
SRR23204254	SRP418877	new	PRJNA880624	SAMN32890444	MEMO086	MEMO086	Virome of mosquito: Culex pipiens pipiens	WGS	METAGENOMIC	RANDOM PCR	paired	ILLUMINA	NextSeq 550	NetoVIR viral particle enrichment	fastq	MEMO086.R1.fastq.gz	MEMO086.R2.fastq.gz				
SRR23204253	SRP418877	new	PRJNA880624	SAMN32890445	MEMO087	MEMO087	Virome of mosquito: Culex pipiens pipiens	WGS	METAGENOMIC	RANDOM PCR	paired	ILLUMINA	NextSeq 550	NetoVIR viral particle enrichment	fastq	MEMO087.R1.fastq.gz	MEMO087.R2.fastq.gz				
SRR23204252	SRP418877	new	PRJNA880624	SAMN32890446	MEMO088	MEMO088	Virome of mosquito: Culex pipiens molestus	WGS	METAGENOMIC	RANDOM PCR	paired	ILLUMINA	NextSeq 550	NetoVIR viral particle enrichment	fastq	MEMO088.R1.fastq.gz	MEMO088.R2.fastq.gz				
SRR23204251	SRP418877	new	PRJNA880624	SAMN32890447	MEMO089	MEMO089	Virome of mosquito: Culex pipiens pipiens	WGS	METAGENOMIC	RANDOM PCR	paired	ILLUMINA	NextSeq 550	NetoVIR viral particle enrichment	fastq	MEMO089.R1.fastq.gz	MEMO089.R2.fastq.gz				
SRR23204250	SRP418877	new	PRJNA880624	SAMN32890448	MEMO090	MEMO090	Virome of mosquito: Culex pipiens molestus	WGS	METAGENOMIC	RANDOM PCR	paired	ILLUMINA	NextSeq 550	NetoVIR viral particle enrichment	fastq	MEMO090.R1.fastq.gz	MEMO090.R2.fastq.gz				
SRR23204249	SRP418877	new	PRJNA880624	SAMN32890449	MEMO091	MEMO091	Virome of mosquito: Culex pipiens molestus	WGS	METAGENOMIC	RANDOM PCR	paired	ILLUMINA	NextSeq 550	NetoVIR viral particle enrichment	fastq	MEMO091.R1.fastq.gz	MEMO091.R2.fastq.gz				
SRR23204248	SRP418877	new	PRJNA880624	SAMN32890450	MEMO092	MEMO092	Virome of mosquito: Culex pipiens molestus	WGS	METAGENOMIC	RANDOM PCR	paired	ILLUMINA	NextSeq 550	NetoVIR viral particle enrichment	fastq	MEMO092.R1.fastq.gz	MEMO092.R2.fastq.gz				
SRR23204247	SRP418877	new	PRJNA880624	SAMN32890451	MEMO093	MEMO093	Virome of mosquito: Culex pipiens pipiens	WGS	METAGENOMIC	RANDOM PCR	paired	ILLUMINA	NextSeq 550	NetoVIR viral particle enrichment	fastq	MEMO093.R1.fastq.gz	MEMO093.R2.fastq.gz				
SRR23204246	SRP418877	new	PRJNA880624	SAMN32890452	MEMO094	MEMO094	Virome of mosquito: Culex pipiens molestus	WGS	METAGENOMIC	RANDOM PCR	paired	ILLUMINA	NextSeq 550	NetoVIR viral particle enrichment	fastq	MEMO094.R1.fastq.gz	MEMO094.R2.fastq.gz				
SRR23204244	SRP418877	new	PRJNA880624	SAMN32890453	MEMO095	MEMO095	Virome of mosquito: Culex pipiens pipiens	WGS	METAGENOMIC	RANDOM PCR	paired	ILLUMINA	NextSeq 550	NetoVIR viral particle enrichment	fastq	MEMO095.R1.fastq.gz	MEMO095.R2.fastq.gz				
SRR23204243	SRP418877	new	PRJNA880624	SAMN32890454	MEMO096	MEMO096	Virome of mosquito: Culex pipiens molestus	WGS	METAGENOMIC	RANDOM PCR	paired	ILLUMINA	NextSeq 550	NetoVIR viral particle enrichment	fastq	MEMO096.R1.fastq.gz	MEMO096.R2.fastq.gz				
SRR23204242	SRP418877	new	PRJNA880624	SAMN32890455	MEMO097	MEMO097	Virome of mosquito: Culex pipiens pipiens	WGS	METAGENOMIC	RANDOM PCR	paired	ILLUMINA	NextSeq 550	NetoVIR viral particle enrichment	fastq	MEMO097.R1.fastq.gz	MEMO097.R2.fastq.gz				
SRR23204241	SRP418877	new	PRJNA880624	SAMN32890456	MEMO098	MEMO098	Virome of mosquito: Culex pipiens molestus	WGS	METAGENOMIC	RANDOM PCR	paired	ILLUMINA	NextSeq 550	NetoVIR viral particle enrichment	fastq	MEMO098.R1.fastq.gz	MEMO098.R2.fastq.gz				
SRR23204240	SRP418877	new	PRJNA880624	SAMN32890457	MEMO099	MEMO099	Virome of mosquito: Culex pipiens molestus	WGS	METAGENOMIC	RANDOM PCR	paired	ILLUMINA	NextSeq 550	NetoVIR viral particle enrichment	fastq	MEMO099.R1.fastq.gz	MEMO099.R2.fastq.gz				
SRR23204143	SRP418877	new	PRJNA880624	SAMN32890458	MEMO100	MEMO100	Virome of mosquito: Culex pipiens molestus	WGS	METAGENOMIC	RANDOM PCR	paired	ILLUMINA	NextSeq 550	NetoVIR viral particle enrichment	fastq	MEMO100.R1.fastq.gz	MEMO100.R2.fastq.gz				
SRR23204142	SRP418877	new	PRJNA880624	SAMN32890459	MEMO101	MEMO101	Virome of mosquito: Culex pipiens molestus	WGS	METAGENOMIC	RANDOM PCR	paired	ILLUMINA	NextSeq 550	NetoVIR viral particle enrichment	fastq	MEMO101.R1.fastq.gz	MEMO101.R2.fastq.gz				
SRR23204141	SRP418877	new	PRJNA880624	SAMN32890460	MEMO102	MEMO102	Virome of mosquito: Aedes japonicus	WGS	METAGENOMIC	RANDOM PCR	paired	ILLUMINA	NextSeq 550	NetoVIR viral particle enrichment	fastq	MEMO102.R1.fastq.gz	MEMO102.R2.fastq.gz				
SRR23204140	SRP418877	new	PRJNA880624	SAMN32890461	MEMO103	MEMO103	Virome of mosquito: Culex pipiens pipiens	WGS	METAGENOMIC	RANDOM PCR	paired	ILLUMINA	NextSeq 550	NetoVIR viral particle enrichment	fastq	MEMO103.R1.fastq.gz	MEMO103.R2.fastq.gz				
SRR23204139	SRP418877	new	PRJNA880624	SAMN32890462	MEMO104	MEMO104	Virome of mosquito: Culex pipiens pipiens	WGS	METAGENOMIC	RANDOM PCR	paired	ILLUMINA	NextSeq 550	NetoVIR viral particle enrichment	fastq	MEMO104.R1.fastq.gz	MEMO104.R2.fastq.gz				
SRR23204332	SRP418877	new	PRJNA880624	SAMN32890463	MEMO105	MEMO105	Virome of mosquito: Culex pipiens pipiens	WGS	METAGENOMIC	RANDOM PCR	paired	ILLUMINA	NextSeq 550	NetoVIR viral particle enrichment	fastq	MEMO105.R1.fastq.gz	MEMO105.R2.fastq.gz				
SRR23204331	SRP418877	new	PRJNA880624	SAMN32890464	MEMO106	MEMO106	Virome of mosquito: Culex pipiens pipiens	WGS	METAGENOMIC	RANDOM PCR	paired	ILLUMINA	NextSeq 550	NetoVIR viral particle enrichment	fastq	MEMO106.R1.fastq.gz	MEMO106.R2.fastq.gz				
SRR23204330	SRP418877	new	PRJNA880624	SAMN32890465	MEMO107	MEMO107	Virome of mosquito: Culex torrentium	WGS	METAGENOMIC	RANDOM PCR	paired	ILLUMINA	NextSeq 550	NetoVIR viral particle enrichment	fastq	MEMO107.R1.fastq.gz	MEMO107.R2.fastq.gz				
SRR23204329	SRP418877	new	PRJNA880624	SAMN32890466	MEMO108	MEMO108	Virome of mosquito: Culex pipiens pipiens	WGS	METAGENOMIC	RANDOM PCR	paired	ILLUMINA	NextSeq 550	NetoVIR viral particle enrichment	fastq	MEMO108.R1.fastq.gz	MEMO108.R2.fastq.gz				
SRR23204328	SRP418877	new	PRJNA880624	SAMN32890467	MEMO109	MEMO109	Virome of mosquito: Culex pipiens pipiens	WGS	METAGENOMIC	RANDOM PCR	paired	ILLUMINA	NextSeq 550	NetoVIR viral particle enrichment	fastq	MEMO109.R1.fastq.gz	MEMO109.R2.fastq.gz				
SRR23204327	SRP418877	new	PRJNA880624	SAMN32890468	MEMO110	MEMO110	Virome of mosquito: Culex pipiens molestus	WGS	METAGENOMIC	RANDOM PCR	paired	ILLUMINA	NextSeq 550	NetoVIR viral particle enrichment	fastq	MEMO110.R1.fastq.gz	MEMO110.R2.fastq.gz				
SRR23204326	SRP418877	new	PRJNA880624	SAMN32890469	MEMO111	MEMO111	Virome of mosquito: Aedes japonicus	WGS	METAGENOMIC	RANDOM PCR	paired	ILLUMINA	NextSeq 550	NetoVIR viral particle enrichment	fastq	MEMO111.R1.fastq.gz	MEMO111.R2.fastq.gz				
SRR23204325	SRP418877	new	PRJNA880624	SAMN32890470	MEMO112	MEMO112	Virome of mosquito: Aedes japonicus	WGS	METAGENOMIC	RANDOM PCR	paired	ILLUMINA	NextSeq 550	NetoVIR viral particle enrichment	fastq	MEMO112.R1.fastq.gz	MEMO112.R2.fastq.gz				
SRR23204324	SRP418877	new	PRJNA880624	SAMN32890471	MEMO113	MEMO113	Virome of mosquito: Aedes japonicus	WGS	METAGENOMIC	RANDOM PCR	paired	ILLUMINA	NextSeq 550	NetoVIR viral particle enrichment	fastq	MEMO113.R1.fastq.gz	MEMO113.R2.fastq.gz				
SRR23204323	SRP418877	new	PRJNA880624	SAMN32890472	MEMO115	MEMO115	Virome of mosquito: Aedes japonicus	WGS	METAGENOMIC	RANDOM PCR	paired	ILLUMINA	NextSeq 550	NetoVIR viral particle enrichment	fastq	MEMO115.R1.fastq.gz	MEMO115.R2.fastq.gz				
SRR23204321	SRP418877	new	PRJNA880624	SAMN32890473	MEMO116	MEMO116	Virome of mosquito: Aedes japonicus	WGS	METAGENOMIC	RANDOM PCR	paired	ILLUMINA	NextSeq 550	NetoVIR viral particle enrichment	fastq	MEMO116.R1.fastq.gz	MEMO116.R2.fastq.gz				
SRR23204320	SRP418877	new	PRJNA880624	SAMN32890474	MEMO117	MEMO117	Virome of mosquito: Aedes japonicus	WGS	METAGENOMIC	RANDOM PCR	paired	ILLUMINA	NextSeq 550	NetoVIR viral particle enrichment	fastq	MEMO117.R1.fastq.gz	MEMO117.R2.fastq.gz				
SRR23204319	SRP418877	new	PRJNA880624	SAMN32890475	MEMO118	MEMO118	Virome of mosquito: Aedes japonicus	WGS	METAGENOMIC	RANDOM PCR	paired	ILLUMINA	NextSeq 550	NetoVIR viral particle enrichment	fastq	MEMO118.R1.fastq.gz	MEMO118.R2.fastq.gz				
SRR23204318	SRP418877	new	PRJNA880624	SAMN32890476	MEMO119	MEMO119	Virome of mosquito: Culex pipiens pipiens	WGS	METAGENOMIC	RANDOM PCR	paired	ILLUMINA	NextSeq 550	NetoVIR viral particle enrichment	fastq	MEMO119.R1.fastq.gz	MEMO119.R2.fastq.gz				
SRR23204317	SRP418877	new	PRJNA880624	SAMN32890477	MEMO120	MEMO120	Virome of mosquito: Culex pipiens pipiens	WGS	METAGENOMIC	RANDOM PCR	paired	ILLUMINA	NextSeq 550	NetoVIR viral particle enrichment	fastq	MEMO120.R1.fastq.gz	MEMO120.R2.fastq.gz				
SRR23204316	SRP418877	new	PRJNA880624	SAMN32890478	MEMO121	MEMO121	Virome of mosquito: Culex pipiens pipiens	WGS	METAGENOMIC	RANDOM PCR	paired	ILLUMINA	NextSeq 550	NetoVIR viral particle enrichment	fastq	MEMO121.R1.fastq.gz	MEMO121.R2.fastq.gz				
SRR23204315	SRP418877	new	PRJNA880624	SAMN32890479	MEMO122	MEMO122	Virome of mosquito: Culex pipiens pipiens	WGS	METAGENOMIC	RANDOM PCR	paired	ILLUMINA	NextSeq 550	NetoVIR viral particle enrichment	fastq	MEMO122.R1.fastq.gz	MEMO122.R2.fastq.gz				
SRR23204314	SRP418877	new	PRJNA880624	SAMN32890480	MEMO123	MEMO123	Virome of mosquito: Culex pipiens pipiens	WGS	METAGENOMIC	RANDOM PCR	paired	ILLUMINA	NextSeq 550	NetoVIR viral particle enrichment	fastq	MEMO123.R1.fastq.gz	MEMO123.R2.fastq.gz				
SRR23204313	SRP418877	new	PRJNA880624	SAMN32890481	MEMO124	MEMO124	Virome of mosquito: Culex pipiens pipiens	WGS	METAGENOMIC	RANDOM PCR	paired	ILLUMINA	NextSeq 550	NetoVIR viral particle enrichment	fastq	MEMO124.R1.fastq.gz	MEMO124.R2.fastq.gz				
SRR23204312	SRP418877	new	PRJNA880624	SAMN32890482	MEMO125	MEMO125	Virome of mosquito: Culex pipiens pipiens	WGS	METAGENOMIC	RANDOM PCR	paired	ILLUMINA	NextSeq 550	NetoVIR viral particle enrichment	fastq	MEMO125.R1.fastq.gz	MEMO125.R2.fastq.gz				
SRR23204310	SRP418877	new	PRJNA880624	SAMN32890483	MEMO126	MEMO126	Virome of mosquito: Culex pipiens pipiens	WGS	METAGENOMIC	RANDOM PCR	paired	ILLUMINA	NextSeq 550	NetoVIR viral particle enrichment	fastq	MEMO126.R1.fastq.gz	MEMO126.R2.fastq.gz				
SRR23204309	SRP418877	new	PRJNA880624	SAMN32890484	MEMO127	MEMO127	Virome of mosquito: Culex pipiens pipiens	WGS	METAGENOMIC	RANDOM PCR	paired	ILLUMINA	NextSeq 550	NetoVIR viral particle enrichment	fastq	MEMO127.R1.fastq.gz	MEMO127.R2.fastq.gz				
SRR23204308	SRP418877	new	PRJNA880624	SAMN32890485	MEMO128	MEMO128	Virome of mosquito: Culex pipiens pipiens	WGS	METAGENOMIC	RANDOM PCR	paired	ILLUMINA	NextSeq 550	NetoVIR viral particle enrichment	fastq	MEMO128.R1.fastq.gz	MEMO128.R2.fastq.gz				
SRR23204307	SRP418877	new	PRJNA880624	SAMN32890486	MEMO129	MEMO129	Virome of mosquito: Culex pipiens pipiens	WGS	METAGENOMIC	RANDOM PCR	paired	ILLUMINA	NextSeq 550	NetoVIR viral particle enrichment	fastq	MEMO129.R1.fastq.gz	MEMO129.R2.fastq.gz				
SRR23204306	SRP418877	new	PRJNA880624	SAMN32890487	MEMO130	MEMO130	Virome of mosquito: Culex pipiens pipiens	WGS	METAGENOMIC	RANDOM PCR	paired	ILLUMINA	NextSeq 550	NetoVIR viral particle enrichment	fastq	MEMO130.R1.fastq.gz	MEMO130.R2.fastq.gz				
SRR23204305	SRP418877	new	PRJNA880624	SAMN32890488	MEMO131	MEMO131	Virome of mosquito: Culex pipiens pipiens	WGS	METAGENOMIC	RANDOM PCR	paired	ILLUMINA	NextSeq 550	NetoVIR viral particle enrichment	fastq	MEMO131.R1.fastq.gz	MEMO131.R2.fastq.gz				
SRR23204304	SRP418877	new	PRJNA880624	SAMN32890489	MEMO132	MEMO132	Virome of mosquito: Culex torrentium	WGS	METAGENOMIC	RANDOM PCR	paired	ILLUMINA	NextSeq 550	NetoVIR viral particle enrichment	fastq	MEMO132.R1.fastq.gz	MEMO132.R2.fastq.gz				
SRR23204239	SRP418877	new	PRJNA880624	SAMN32890490	MEMO133	MEMO133	Virome of mosquito: Culex pipiens pipiens	WGS	METAGENOMIC	RANDOM PCR	paired	ILLUMINA	NextSeq 550	NetoVIR viral particle enrichment	fastq	MEMO133.R1.fastq.gz	MEMO133.R2.fastq.gz				
SRR23204238	SRP418877	new	PRJNA880624	SAMN32890491	MEMO134	MEMO134	Virome of mosquito: Culex pipiens pipiens	WGS	METAGENOMIC	RANDOM PCR	paired	ILLUMINA	NextSeq 550	NetoVIR viral particle enrichment	fastq	MEMO134.R1.fastq.gz	MEMO134.R2.fastq.gz				
SRR23204237	SRP418877	new	PRJNA880624	SAMN32890492	MEMO135	MEMO135	Virome of mosquito: Culex pipiens pipiens	WGS	METAGENOMIC	RANDOM PCR	paired	ILLUMINA	NextSeq 550	NetoVIR viral particle enrichment	fastq	MEMO135.R1.fastq.gz	MEMO135.R2.fastq.gz				
SRR23204235	SRP418877	new	PRJNA880624	SAMN32890493	MEMO136	MEMO136	Virome of mosquito: Culex pipiens pipiens	WGS	METAGENOMIC	RANDOM PCR	paired	ILLUMINA	NextSeq 550	NetoVIR viral particle enrichment	fastq	MEMO136.R1.fastq.gz	MEMO136.R2.fastq.gz				
SRR23204234	SRP418877	new	PRJNA880624	SAMN32890494	MEMO137	MEMO137	Virome of mosquito: Culex pipiens pipiens	WGS	METAGENOMIC	RANDOM PCR	paired	ILLUMINA	NextSeq 550	NetoVIR viral particle enrichment	fastq	MEMO137.R1.fastq.gz	MEMO137.R2.fastq.gz				
SRR23204233	SRP418877	new	PRJNA880624	SAMN32890495	MEMO138	MEMO138	Virome of mosquito: Culex pipiens pipiens	WGS	METAGENOMIC	RANDOM PCR	paired	ILLUMINA	NextSeq 550	NetoVIR viral particle enrichment	fastq	MEMO138.R1.fastq.gz	MEMO138.R2.fastq.gz				
SRR23204232	SRP418877	new	PRJNA880624	SAMN32890496	MEMO139	MEMO139	Virome of mosquito: Culex pipiens pipiens	WGS	METAGENOMIC	RANDOM PCR	paired	ILLUMINA	NextSeq 550	NetoVIR viral particle enrichment	fastq	MEMO139.R1.fastq.gz	MEMO139.R2.fastq.gz				
SRR23204231	SRP418877	new	PRJNA880624	SAMN32890497	MEMO140	MEMO140	Virome of mosquito: Culex pipiens molestus	WGS	METAGENOMIC	RANDOM PCR	paired	ILLUMINA	NextSeq 550	NetoVIR viral particle enrichment	fastq	MEMO140.R1.fastq.gz	MEMO140.R2.fastq.gz				
SRR23204230	SRP418877	new	PRJNA880624	SAMN32890498	MEMO141	MEMO141	Virome of mosquito: Culex pipiens pipiens	WGS	METAGENOMIC	RANDOM PCR	paired	ILLUMINA	NextSeq 550	NetoVIR viral particle enrichment	fastq	MEMO141.R1.fastq.gz	MEMO141.R2.fastq.gz				
SRR23204229	SRP418877	new	PRJNA880624	SAMN32890499	MEMO142	MEMO142	Virome of mosquito: Culex pipiens pipiens	WGS	METAGENOMIC	RANDOM PCR	paired	ILLUMINA	NextSeq 550	NetoVIR viral particle enrichment	fastq	MEMO142.R1.fastq.gz	MEMO142.R2.fastq.gz				
SRR23204228	SRP418877	new	PRJNA880624	SAMN32890500	MEMO143	MEMO143	Virome of mosquito: Culex pipiens pipiens	WGS	METAGENOMIC	RANDOM PCR	paired	ILLUMINA	NextSeq 550	NetoVIR viral particle enrichment	fastq	MEMO143.R1.fastq.gz	MEMO143.R2.fastq.gz				
SRR23204227	SRP418877	new	PRJNA880624	SAMN32890501	MEMO144	MEMO144	Virome of mosquito: Culex pipiens pipiens	WGS	METAGENOMIC	RANDOM PCR	paired	ILLUMINA	NextSeq 550	NetoVIR viral particle enrichment	fastq	MEMO144.R1.fastq.gz	MEMO144.R2.fastq.gz				
SRR23204226	SRP418877	new	PRJNA880624	SAMN32890502	MEMO145	MEMO145	Virome of mosquito: Culex pipiens pipiens	WGS	METAGENOMIC	RANDOM PCR	paired	ILLUMINA	NextSeq 550	NetoVIR viral particle enrichment	fastq	MEMO145.R1.fastq.gz	MEMO145.R2.fastq.gz				
SRR23204224	SRP418877	new	PRJNA880624	SAMN32890503	MEMO146	MEMO146	Virome of mosquito: Culex pipiens pipiens	WGS	METAGENOMIC	RANDOM PCR	paired	ILLUMINA	NextSeq 550	NetoVIR viral particle enrichment	fastq	MEMO146.R1.fastq.gz	MEMO146.R2.fastq.gz				
SRR23204223	SRP418877	new	PRJNA880624	SAMN32890504	MEMO147	MEMO147	Virome of mosquito: Culex pipiens molestus	WGS	METAGENOMIC	RANDOM PCR	paired	ILLUMINA	NextSeq 550	NetoVIR viral particle enrichment	fastq	MEMO147.R1.fastq.gz	MEMO147.R2.fastq.gz				
SRR23204222	SRP418877	new	PRJNA880624	SAMN32890505	MEMO148	MEMO148	Virome of mosquito: Culex pipiens molestus	WGS	METAGENOMIC	RANDOM PCR	paired	ILLUMINA	NextSeq 550	NetoVIR viral particle enrichment	fastq	MEMO148.R1.fastq.gz	MEMO148.R2.fastq.gz				
SRR23204221	SRP418877	new	PRJNA880624	SAMN32890506	MEMO149	MEMO149	Virome of mosquito: Culex pipiens molestus	WGS	METAGENOMIC	RANDOM PCR	paired	ILLUMINA	NextSeq 550	NetoVIR viral particle enrichment	fastq	MEMO149.R1.fastq.gz	MEMO149.R2.fastq.gz				
SRR23204220	SRP418877	new	PRJNA880624	SAMN32890507	NEMO01	NEMO01	Virome of mosquito: Culex pipiens pipiens	WGS	METAGENOMIC	RANDOM PCR	paired	ILLUMINA	NextSeq 550	NetoVIR viral particle enrichment	fastq	NEMO01.R1.fastq.gz	NEMO01.R2.fastq.gz				
SRR23204219	SRP418877	new	PRJNA880624	SAMN32890508	NEMO02	NEMO02	Virome of mosquito: Culex pipiens pipiens	WGS	METAGENOMIC	RANDOM PCR	paired	ILLUMINA	NextSeq 550	NetoVIR viral particle enrichment	fastq	NEMO02.R1.fastq.gz	NEMO02.R2.fastq.gz				
SRR23204218	SRP418877	new	PRJNA880624	SAMN32890509	NEMO03	NEMO03	Virome of mosquito: Culex pipiens pipiens	WGS	METAGENOMIC	RANDOM PCR	paired	ILLUMINA	NextSeq 550	NetoVIR viral particle enrichment	fastq	NEMO03.R1.fastq.gz	NEMO03.R2.fastq.gz				
SRR23204217	SRP418877	new	PRJNA880624	SAMN32890510	NEMO04	NEMO04	Virome of mosquito: Culex pipiens pipiens	WGS	METAGENOMIC	RANDOM PCR	paired	ILLUMINA	NextSeq 550	NetoVIR viral particle enrichment	fastq	NEMO04.R1.fastq.gz	NEMO04.R2.fastq.gz				
SRR23204216	SRP418877	new	PRJNA880624	SAMN32890511	NEMO05	NEMO05	Virome of mosquito: Culex pipiens pipiens	WGS	METAGENOMIC	RANDOM PCR	paired	ILLUMINA	NextSeq 550	NetoVIR viral particle enrichment	fastq	NEMO05.R1.fastq.gz	NEMO05.R2.fastq.gz				
SRR23204215	SRP418877	new	PRJNA880624	SAMN32890512	NEMO06	NEMO06	Virome of mosquito: Culex pipiens pipiens	WGS	METAGENOMIC	RANDOM PCR	paired	ILLUMINA	NextSeq 550	NetoVIR viral particle enrichment	fastq	NEMO06.R1.fastq.gz	NEMO06.R2.fastq.gz				
SRR23204213	SRP418877	new	PRJNA880624	SAMN32890513	NEMO07	NEMO07	Virome of mosquito: Culex pipiens pipiens	WGS	METAGENOMIC	RANDOM PCR	paired	ILLUMINA	NextSeq 550	NetoVIR viral particle enrichment	fastq	NEMO07.R1.fastq.gz	NEMO07.R2.fastq.gz				
SRR23204212	SRP418877	new	PRJNA880624	SAMN32890514	NEMO08	NEMO08	Virome of mosquito: Culex pipiens pipiens	WGS	METAGENOMIC	RANDOM PCR	paired	ILLUMINA	NextSeq 550	NetoVIR viral particle enrichment	fastq	NEMO08.R1.fastq.gz	NEMO08.R2.fastq.gz				
SRR23204211	SRP418877	new	PRJNA880624	SAMN32890515	NEMO09	NEMO09	Virome of mosquito: Culex torrentium	WGS	METAGENOMIC	RANDOM PCR	paired	ILLUMINA	NextSeq 550	NetoVIR viral particle enrichment	fastq	NEMO09.R1.fastq.gz	NEMO09.R2.fastq.gz				
SRR23204210	SRP418877	new	PRJNA880624	SAMN32890516	NEMO10	NEMO10	Virome of mosquito: Culex torrentium	WGS	METAGENOMIC	RANDOM PCR	paired	ILLUMINA	NextSeq 550	NetoVIR viral particle enrichment	fastq	NEMO10.R1.fastq.gz	NEMO10.R2.fastq.gz				
SRR23204209	SRP418877	new	PRJNA880624	SAMN32890517	NEMO11	NEMO11	Virome of mosquito: Culex pipiens pipiens	WGS	METAGENOMIC	RANDOM PCR	paired	ILLUMINA	NextSeq 550	NetoVIR viral particle enrichment	fastq	NEMO11.R1.fastq.gz	NEMO11.R2.fastq.gz				
SRR23204208	SRP418877	new	PRJNA880624	SAMN32890518	NEMO12	NEMO12	Virome of mosquito: Culex torrentium	WGS	METAGENOMIC	RANDOM PCR	paired	ILLUMINA	NextSeq 550	NetoVIR viral particle enrichment	fastq	NEMO12.R1.fastq.gz	NEMO12.R2.fastq.gz				
SRR23204175	SRP418877	new	PRJNA880624	SAMN32890519	NEMO13	NEMO13	Virome of mosquito: Culex pipiens pipiens	WGS	METAGENOMIC	RANDOM PCR	paired	ILLUMINA	NextSeq 550	NetoVIR viral particle enrichment	fastq	NEMO13.R1.fastq.gz	NEMO13.R2.fastq.gz				
SRR23204174	SRP418877	new	PRJNA880624	SAMN32890520	NEMO14	NEMO14	Virome of mosquito: Culex pipiens pipiens	WGS	METAGENOMIC	RANDOM PCR	paired	ILLUMINA	NextSeq 550	NetoVIR viral particle enrichment	fastq	NEMO14.R1.fastq.gz	NEMO14.R2.fastq.gz				
SRR23204173	SRP418877	new	PRJNA880624	SAMN32890521	NEMO15	NEMO15	Virome of mosquito: Culex pipiens pipiens	WGS	METAGENOMIC	RANDOM PCR	paired	ILLUMINA	NextSeq 550	NetoVIR viral particle enrichment	fastq	NEMO15.R1.fastq.gz	NEMO15.R2.fastq.gz				
SRR23204172	SRP418877	new	PRJNA880624	SAMN32890522	NEMO16	NEMO16	Virome of mosquito: Culex pipiens pipiens	WGS	METAGENOMIC	RANDOM PCR	paired	ILLUMINA	NextSeq 550	NetoVIR viral particle enrichment	fastq	NEMO16.R1.fastq.gz	NEMO16.R2.fastq.gz				
SRR23204170	SRP418877	new	PRJNA880624	SAMN32890523	NEMO17	NEMO17	Virome of mosquito: Culex torrentium	WGS	METAGENOMIC	RANDOM PCR	paired	ILLUMINA	NextSeq 550	NetoVIR viral particle enrichment	fastq	NEMO17.R1.fastq.gz	NEMO17.R2.fastq.gz				
SRR23204169	SRP418877	new	PRJNA880624	SAMN32890524	NEMO18	NEMO18	Virome of mosquito: Culex pipiens pipiens	WGS	METAGENOMIC	RANDOM PCR	paired	ILLUMINA	NextSeq 550	NetoVIR viral particle enrichment	fastq	NEMO18.R1.fastq.gz	NEMO18.R2.fastq.gz				
SRR23204168	SRP418877	new	PRJNA880624	SAMN32890525	NEMO19	NEMO19	Virome of mosquito: Culex pipiens pipiens	WGS	METAGENOMIC	RANDOM PCR	paired	ILLUMINA	NextSeq 550	NetoVIR viral particle enrichment	fastq	NEMO19.R1.fastq.gz	NEMO19.R2.fastq.gz				
SRR23204167	SRP418877	new	PRJNA880624	SAMN32890526	NEMO20	NEMO20	Virome of mosquito: Culex pipiens pipiens	WGS	METAGENOMIC	RANDOM PCR	paired	ILLUMINA	NextSeq 550	NetoVIR viral particle enrichment	fastq	NEMO20.R1.fastq.gz	NEMO20.R2.fastq.gz				
SRR23204166	SRP418877	new	PRJNA880624	SAMN32890527	NEMO21	NEMO21	Virome of mosquito: Culex pipiens pipiens	WGS	METAGENOMIC	RANDOM PCR	paired	ILLUMINA	NextSeq 550	NetoVIR viral particle enrichment	fastq	NEMO21.R1.fastq.gz	NEMO21.R2.fastq.gz				
SRR23204165	SRP418877	new	PRJNA880624	SAMN32890528	NEMO22	NEMO22	Virome of mosquito: Culex pipiens pipiens	WGS	METAGENOMIC	RANDOM PCR	paired	ILLUMINA	NextSeq 550	NetoVIR viral particle enrichment	fastq	NEMO22.R1.fastq.gz	NEMO22.R2.fastq.gz				
SRR23204164	SRP418877	new	PRJNA880624	SAMN32890529	NEMO23	NEMO23	Virome of mosquito: Culex pipiens pipiens	WGS	METAGENOMIC	RANDOM PCR	paired	ILLUMINA	NextSeq 550	NetoVIR viral particle enrichment	fastq	NEMO23.R1.fastq.gz	NEMO23.R2.fastq.gz				
SRR23204163	SRP418877	new	PRJNA880624	SAMN32890530	NEMO24	NEMO24	Virome of mosquito: Culex torrentium	WGS	METAGENOMIC	RANDOM PCR	paired	ILLUMINA	NextSeq 550	NetoVIR viral particle enrichment	fastq	NEMO24.R1.fastq.gz	NEMO24.R2.fastq.gz				
SRR23204162	SRP418877	new	PRJNA880624	SAMN32890531	NEMO25	NEMO25	Virome of mosquito: Culex pipiens pipiens	WGS	METAGENOMIC	RANDOM PCR	paired	ILLUMINA	NextSeq 550	NetoVIR viral particle enrichment	fastq	NEMO25.R1.fastq.gz	NEMO25.R2.fastq.gz				
SRR23204161	SRP418877	new	PRJNA880624	SAMN32890532	NEMO26	NEMO26	Virome of mosquito: Culex torrentium	WGS	METAGENOMIC	RANDOM PCR	paired	ILLUMINA	NextSeq 550	NetoVIR viral particle enrichment	fastq	NEMO26.R1.fastq.gz	NEMO26.R2.fastq.gz				
SRR23204159	SRP418877	new	PRJNA880624	SAMN32890533	NEMO27	NEMO27	Virome of mosquito: Culex pipiens pipiens	WGS	METAGENOMIC	RANDOM PCR	paired	ILLUMINA	NextSeq 550	NetoVIR viral particle enrichment	fastq	NEMO27.R1.fastq.gz	NEMO27.R2.fastq.gz				
SRR23204158	SRP418877	new	PRJNA880624	SAMN32890534	NEMO28	NEMO28	Virome of mosquito: Culex pipiens pipiens	WGS	METAGENOMIC	RANDOM PCR	paired	ILLUMINA	NextSeq 550	NetoVIR viral particle enrichment	fastq	NEMO28.R1.fastq.gz	NEMO28.R2.fastq.gz				
SRR23204157	SRP418877	new	PRJNA880624	SAMN32890535	NEMO29	NEMO29	Virome of mosquito: Culex pipiens pipiens	WGS	METAGENOMIC	RANDOM PCR	paired	ILLUMINA	NextSeq 550	NetoVIR viral particle enrichment	fastq	NEMO29.R1.fastq.gz	NEMO29.R2.fastq.gz				
SRR23204156	SRP418877	new	PRJNA880624	SAMN32890536	NEMO30	NEMO30	Virome of mosquito: Culex pipiens pipiens	WGS	METAGENOMIC	RANDOM PCR	paired	ILLUMINA	NextSeq 550	NetoVIR viral particle enrichment	fastq	NEMO30.R1.fastq.gz	NEMO30.R2.fastq.gz				
SRR23204155	SRP418877	new	PRJNA880624	SAMN32890537	NEMO31	NEMO31	Virome of mosquito: Culex pipiens pipiens	WGS	METAGENOMIC	RANDOM PCR	paired	ILLUMINA	NextSeq 550	NetoVIR viral particle enrichment	fastq	NEMO31.R1.fastq.gz	NEMO31.R2.fastq.gz				
SRR23204154	SRP418877	new	PRJNA880624	SAMN32890538	NEMO32	NEMO32	Virome of mosquito: Culex pipiens pipiens	WGS	METAGENOMIC	RANDOM PCR	paired	ILLUMINA	NextSeq 550	NetoVIR viral particle enrichment	fastq	NEMO32.R1.fastq.gz	NEMO32.R2.fastq.gz				
SRR23204153	SRP418877	new	PRJNA880624	SAMN32890539	NEMO33	NEMO33	Virome of mosquito: Culex pipiens pipiens	WGS	METAGENOMIC	RANDOM PCR	paired	ILLUMINA	NextSeq 550	NetoVIR viral particle enrichment	fastq	NEMO33.R1.fastq.gz	NEMO33.R2.fastq.gz				
SRR23204152	SRP418877	new	PRJNA880624	SAMN32890540	NEMO34	NEMO34	Virome of mosquito: Culex pipiens pipiens	WGS	METAGENOMIC	RANDOM PCR	paired	ILLUMINA	NextSeq 550	NetoVIR viral particle enrichment	fastq	NEMO34.R1.fastq.gz	NEMO34.R2.fastq.gz				
SRR23204151	SRP418877	new	PRJNA880624	SAMN32890541	NEMO35	NEMO35	Virome of mosquito: Culex pipiens pipiens	WGS	METAGENOMIC	RANDOM PCR	paired	ILLUMINA	NextSeq 550	NetoVIR viral particle enrichment	fastq	NEMO35.R1.fastq.gz	NEMO35.R2.fastq.gz				
SRR23204150	SRP418877	new	PRJNA880624	SAMN32890542	NEMO36	NEMO36	Virome of mosquito: Culex pipiens pipiens	WGS	METAGENOMIC	RANDOM PCR	paired	ILLUMINA	NextSeq 550	NetoVIR viral particle enrichment	fastq	NEMO36.R1.fastq.gz	NEMO36.R2.fastq.gz				
SRR23204148	SRP418877	new	PRJNA880624	SAMN32890543	NEMO37	NEMO37	Virome of mosquito: Culex pipiens pipiens	WGS	METAGENOMIC	RANDOM PCR	paired	ILLUMINA	NextSeq 550	NetoVIR viral particle enrichment	fastq	NEMO37.R1.fastq.gz	NEMO37.R2.fastq.gz				
SRR23204147	SRP418877	new	PRJNA880624	SAMN32890544	NEMO38	NEMO38	Virome of mosquito: Culex pipiens pipiens	WGS	METAGENOMIC	RANDOM PCR	paired	ILLUMINA	NextSeq 550	NetoVIR viral particle enrichment	fastq	NEMO38.R1.fastq.gz	NEMO38.R2.fastq.gz				
SRR23204146	SRP418877	new	PRJNA880624	SAMN32890545	NEMO40	NEMO40	Virome of mosquito: Culex pipiens pipiens	WGS	METAGENOMIC	RANDOM PCR	paired	ILLUMINA	NextSeq 550	NetoVIR viral particle enrichment	fastq	NEMO40.R1.fastq.gz	NEMO40.R2.fastq.gz				
SRR23204145	SRP418877	new	PRJNA880624	SAMN32890546	NEMO41	NEMO41	Virome of mosquito: Culex pipiens pipiens	WGS	METAGENOMIC	RANDOM PCR	paired	ILLUMINA	NextSeq 550	NetoVIR viral particle enrichment	fastq	NEMO41.R1.fastq.gz	NEMO41.R2.fastq.gz				
SRR23204144	SRP418877	new	PRJNA880624	SAMN32890547	NEMO42	NEMO42	Virome of mosquito: Culex pipiens pipiens	WGS	METAGENOMIC	RANDOM PCR	paired	ILLUMINA	NextSeq 550	NetoVIR viral particle enrichment	fastq	NEMO42.R1.fastq.gz	NEMO42.R2.fastq.gz				
SRR23204303	SRP418877	new	PRJNA880624	SAMN32890548	NEMO43	NEMO43	Virome of mosquito: Culex pipiens pipiens	WGS	METAGENOMIC	RANDOM PCR	paired	ILLUMINA	NextSeq 550	NetoVIR viral particle enrichment	fastq	NEMO43.R1.fastq.gz	NEMO43.R2.fastq.gz				
SRR23204302	SRP418877	new	PRJNA880624	SAMN32890549	NEMO44	NEMO44	Virome of mosquito: Culex pipiens pipiens	WGS	METAGENOMIC	RANDOM PCR	paired	ILLUMINA	NextSeq 550	NetoVIR viral particle enrichment	fastq	NEMO44.R1.fastq.gz	NEMO44.R2.fastq.gz				
SRR23204301	SRP418877	new	PRJNA880624	SAMN32890550	NEMO45	NEMO45	Virome of mosquito: Culex pipiens pipiens	WGS	METAGENOMIC	RANDOM PCR	paired	ILLUMINA	NextSeq 550	NetoVIR viral particle enrichment	fastq	NEMO45.R1.fastq.gz	NEMO45.R2.fastq.gz				
SRR23204300	SRP418877	new	PRJNA880624	SAMN32890551	NEMO46	NEMO46	Virome of mosquito: Culex pipiens pipiens	WGS	METAGENOMIC	RANDOM PCR	paired	ILLUMINA	NextSeq 550	NetoVIR viral particle enrichment	fastq	NEMO46.R1.fastq.gz	NEMO46.R2.fastq.gz				
SRR23204299	SRP418877	new	PRJNA880624	SAMN32890552	NEMO47	NEMO47	Virome of mosquito: Culex pipiens pipiens	WGS	METAGENOMIC	RANDOM PCR	paired	ILLUMINA	NextSeq 550	NetoVIR viral particle enrichment	fastq	NEMO47.R1.fastq.gz	NEMO47.R2.fastq.gz				
SRR23204297	SRP418877	new	PRJNA880624	SAMN32890553	NEMO48	NEMO48	Virome of mosquito: Culex pipiens molestus	WGS	METAGENOMIC	RANDOM PCR	paired	ILLUMINA	NextSeq 550	NetoVIR viral particle enrichment	fastq	NEMO48.R1.fastq.gz	NEMO48.R2.fastq.gz				
SRR23204296	SRP418877	new	PRJNA880624	SAMN32890554	NEMO49	NEMO49	Virome of mosquito: Culex pipiens pipiens	WGS	METAGENOMIC	RANDOM PCR	paired	ILLUMINA	NextSeq 550	NetoVIR viral particle enrichment	fastq	NEMO49.R1.fastq.gz	NEMO49.R2.fastq.gz				
SRR23204295	SRP418877	new	PRJNA880624	SAMN32890555	NEMO50	NEMO50	Virome of mosquito: Culex pipiens pipiens	WGS	METAGENOMIC	RANDOM PCR	paired	ILLUMINA	NextSeq 550	NetoVIR viral particle enrichment	fastq	NEMO50.R1.fastq.gz	NEMO50.R2.fastq.gz				
SRR23204294	SRP418877	new	PRJNA880624	SAMN32890556	NEMO51	NEMO51	Virome of mosquito: Culex pipiens pipiens	WGS	METAGENOMIC	RANDOM PCR	paired	ILLUMINA	NextSeq 550	NetoVIR viral particle enrichment	fastq	NEMO51.R1.fastq.gz	NEMO51.R2.fastq.gz				
SRR23204293	SRP418877	new	PRJNA880624	SAMN32890557	NEMO52	NEMO52	Virome of mosquito: Culex pipiens pipiens	WGS	METAGENOMIC	RANDOM PCR	paired	ILLUMINA	NextSeq 550	NetoVIR viral particle enrichment	fastq	NEMO52.R1.fastq.gz	NEMO52.R2.fastq.gz				
SRR23204292	SRP418877	new	PRJNA880624	SAMN32890558	NEMO53	NEMO53	Virome of mosquito: Culex pipiens pipiens	WGS	METAGENOMIC	RANDOM PCR	paired	ILLUMINA	NextSeq 550	NetoVIR viral particle enrichment	fastq	NEMO53.R1.fastq.gz	NEMO53.R2.fastq.gz				
SRR23204291	SRP418877	new	PRJNA880624	SAMN32890559	NEMO54	NEMO54	Virome of mosquito: Culex pipiens pipiens	WGS	METAGENOMIC	RANDOM PCR	paired	ILLUMINA	NextSeq 550	NetoVIR viral particle enrichment	fastq	NEMO54.R1.fastq.gz	NEMO54.R2.fastq.gz				
