file	sample	format	type	num_seqs	sum_len	min_len	avg_len	max_len
MEMO001/READ/MEMO001.R1.fastq.gz	MEMO001	FASTQ	DNA	2964096	307996083	35	103.9	151
MEMO001/READ/MEMO001.R2.fastq.gz	MEMO001	FASTQ	DNA	2964096	308284275	35	104.0	151
MEMO002/READ/MEMO002.R1.fastq.gz	MEMO002	FASTQ	DNA	2254257	213809618	35	94.8	151
MEMO002/READ/MEMO002.R2.fastq.gz	MEMO002	FASTQ	DNA	2254257	214256740	35	95.0	151
MEMO003/READ/MEMO003.R1.fastq.gz	MEMO003	FASTQ	DNA	2228259	239367735	35	107.4	151
MEMO003/READ/MEMO003.R2.fastq.gz	MEMO003	FASTQ	DNA	2228259	239533701	35	107.5	151
MEMO004/READ/MEMO004.R1.fastq.gz	MEMO004	FASTQ	DNA	2656950	344332955	35	129.6	151
MEMO004/READ/MEMO004.R2.fastq.gz	MEMO004	FASTQ	DNA	2656950	344105975	35	129.5	151
MEMO005/READ/MEMO005.R1.fastq.gz	MEMO005	FASTQ	DNA	2347434	276431368	35	117.8	151
MEMO005/READ/MEMO005.R2.fastq.gz	MEMO005	FASTQ	DNA	2347434	276460060	35	117.8	151
MEMO006/READ/MEMO006.R1.fastq.gz	MEMO006	FASTQ	DNA	2325543	294551958	35	126.7	151
MEMO006/READ/MEMO006.R2.fastq.gz	MEMO006	FASTQ	DNA	2325543	294330962	35	126.6	151
MEMO007/READ/MEMO007.R1.fastq.gz	MEMO007	FASTQ	DNA	2954431	311935790	35	105.6	151
MEMO007/READ/MEMO007.R2.fastq.gz	MEMO007	FASTQ	DNA	2954431	311981865	35	105.6	151
MEMO008/READ/MEMO008.R1.fastq.gz	MEMO008	FASTQ	DNA	2186410	270890436	35	123.9	151
MEMO008/READ/MEMO008.R2.fastq.gz	MEMO008	FASTQ	DNA	2186410	270827571	35	123.9	151
MEMO010/READ/MEMO010.R1.fastq.gz	MEMO010	FASTQ	DNA	1973785	211537157	35	107.2	151
MEMO010/READ/MEMO010.R2.fastq.gz	MEMO010	FASTQ	DNA	1973785	211718465	35	107.3	151
MEMO011/READ/MEMO011.R1.fastq.gz	MEMO011	FASTQ	DNA	2948904	392217951	35	133.0	151
MEMO011/READ/MEMO011.R2.fastq.gz	MEMO011	FASTQ	DNA	2948904	392083860	35	133.0	151
MEMO012/READ/MEMO012.R1.fastq.gz	MEMO012	FASTQ	DNA	2358744	306831207	35	130.1	151
MEMO012/READ/MEMO012.R2.fastq.gz	MEMO012	FASTQ	DNA	2358744	306800196	35	130.1	151
MEMO013/READ/MEMO013.R1.fastq.gz	MEMO013	FASTQ	DNA	2416380	287597027	35	119.0	151
MEMO013/READ/MEMO013.R2.fastq.gz	MEMO013	FASTQ	DNA	2416380	287666357	35	119.0	151
MEMO014/READ/MEMO014.R1.fastq.gz	MEMO014	FASTQ	DNA	2574366	284391560	35	110.5	151
MEMO014/READ/MEMO014.R2.fastq.gz	MEMO014	FASTQ	DNA	2574366	284499138	35	110.5	151
MEMO015/READ/MEMO015.R1.fastq.gz	MEMO015	FASTQ	DNA	2641174	337983768	35	128.0	151
MEMO015/READ/MEMO015.R2.fastq.gz	MEMO015	FASTQ	DNA	2641174	337926748	35	127.9	151
MEMO016/READ/MEMO016.R1.fastq.gz	MEMO016	FASTQ	DNA	2928561	256386399	35	87.5	151
MEMO016/READ/MEMO016.R2.fastq.gz	MEMO016	FASTQ	DNA	2928561	256930468	35	87.7	151
MEMO017/READ/MEMO017.R1.fastq.gz	MEMO017	FASTQ	DNA	2922290	293091953	35	100.3	151
MEMO017/READ/MEMO017.R2.fastq.gz	MEMO017	FASTQ	DNA	2922290	293494915	35	100.4	151
MEMO018/READ/MEMO018.R1.fastq.gz	MEMO018	FASTQ	DNA	2038790	228924301	35	112.3	151
MEMO018/READ/MEMO018.R2.fastq.gz	MEMO018	FASTQ	DNA	2038790	229012669	35	112.3	151
MEMO019/READ/MEMO019.R1.fastq.gz	MEMO019	FASTQ	DNA	3260759	377166629	35	115.7	151
MEMO019/READ/MEMO019.R2.fastq.gz	MEMO019	FASTQ	DNA	3260759	377338770	35	115.7	151
MEMO021/READ/MEMO021.R1.fastq.gz	MEMO021	FASTQ	DNA	1664105	155527551	35	93.5	151
MEMO021/READ/MEMO021.R2.fastq.gz	MEMO021	FASTQ	DNA	1664105	155808749	35	93.6	151
MEMO022/READ/MEMO022.R1.fastq.gz	MEMO022	FASTQ	DNA	2616414	345110512	35	131.9	151
MEMO022/READ/MEMO022.R2.fastq.gz	MEMO022	FASTQ	DNA	2616414	345011538	35	131.9	151
MEMO023/READ/MEMO023.R1.fastq.gz	MEMO023	FASTQ	DNA	2008561	279091034	35	139.0	151
MEMO023/READ/MEMO023.R2.fastq.gz	MEMO023	FASTQ	DNA	2008561	278965461	35	138.9	151
MEMO024/READ/MEMO024.R1.fastq.gz	MEMO024	FASTQ	DNA	2274371	317055575	35	139.4	151
MEMO024/READ/MEMO024.R2.fastq.gz	MEMO024	FASTQ	DNA	2274371	316928269	35	139.3	151
MEMO025/READ/MEMO025.R1.fastq.gz	MEMO025	FASTQ	DNA	3168186	408601507	35	129.0	151
MEMO025/READ/MEMO025.R2.fastq.gz	MEMO025	FASTQ	DNA	3168186	408512878	35	128.9	151
MEMO026/READ/MEMO026.R1.fastq.gz	MEMO026	FASTQ	DNA	2992400	387691577	35	129.6	151
MEMO026/READ/MEMO026.R2.fastq.gz	MEMO026	FASTQ	DNA	2992400	387602700	35	129.5	151
MEMO027/READ/MEMO027.R1.fastq.gz	MEMO027	FASTQ	DNA	2830938	352541504	35	124.5	151
MEMO027/READ/MEMO027.R2.fastq.gz	MEMO027	FASTQ	DNA	2830938	352500094	35	124.5	151
MEMO028/READ/MEMO028.R1.fastq.gz	MEMO028	FASTQ	DNA	1771742	197055485	35	111.2	151
MEMO028/READ/MEMO028.R2.fastq.gz	MEMO028	FASTQ	DNA	1771742	197166784	35	111.3	151
MEMO029/READ/MEMO029.R1.fastq.gz	MEMO029	FASTQ	DNA	3378314	366824524	35	108.6	151
MEMO029/READ/MEMO029.R2.fastq.gz	MEMO029	FASTQ	DNA	3378314	367037106	35	108.6	151
MEMO030/READ/MEMO030.R1.fastq.gz	MEMO030	FASTQ	DNA	3193614	359520657	35	112.6	151
MEMO030/READ/MEMO030.R2.fastq.gz	MEMO030	FASTQ	DNA	3193614	359647365	35	112.6	151
MEMO031/READ/MEMO031.R1.fastq.gz	MEMO031	FASTQ	DNA	1921473	250338756	35	130.3	151
MEMO031/READ/MEMO031.R2.fastq.gz	MEMO031	FASTQ	DNA	1921473	250259554	35	130.2	151
MEMO032/READ/MEMO032.R1.fastq.gz	MEMO032	FASTQ	DNA	2466912	262035668	35	106.2	151
MEMO032/READ/MEMO032.R2.fastq.gz	MEMO032	FASTQ	DNA	2466912	262190043	35	106.3	151
MEMO033/READ/MEMO033.R1.fastq.gz	MEMO033	FASTQ	DNA	1285345	164070690	35	127.6	151
MEMO033/READ/MEMO033.R2.fastq.gz	MEMO033	FASTQ	DNA	1285345	164053163	35	127.6	151
MEMO034/READ/MEMO034.R1.fastq.gz	MEMO034	FASTQ	DNA	1324258	176048270	35	132.9	151
MEMO034/READ/MEMO034.R2.fastq.gz	MEMO034	FASTQ	DNA	1324258	176014851	35	132.9	151
MEMO035/READ/MEMO035.R1.fastq.gz	MEMO035	FASTQ	DNA	2464095	268354206	35	108.9	151
MEMO035/READ/MEMO035.R2.fastq.gz	MEMO035	FASTQ	DNA	2464095	268539707	35	109.0	151
MEMO036/READ/MEMO036.R1.fastq.gz	MEMO036	FASTQ	DNA	2572239	284775656	35	110.7	151
MEMO036/READ/MEMO036.R2.fastq.gz	MEMO036	FASTQ	DNA	2572239	284841911	35	110.7	151
MEMO037/READ/MEMO037.R1.fastq.gz	MEMO037	FASTQ	DNA	1303145	165669250	35	127.1	151
MEMO037/READ/MEMO037.R2.fastq.gz	MEMO037	FASTQ	DNA	1303145	165667344	35	127.1	151
MEMO038/READ/MEMO038.R1.fastq.gz	MEMO038	FASTQ	DNA	2255621	236725869	35	104.9	151
MEMO038/READ/MEMO038.R2.fastq.gz	MEMO038	FASTQ	DNA	2255621	236903831	35	105.0	151
MEMO039/READ/MEMO039.R1.fastq.gz	MEMO039	FASTQ	DNA	2175491	275372725	35	126.6	151
MEMO039/READ/MEMO039.R2.fastq.gz	MEMO039	FASTQ	DNA	2175491	275314240	35	126.6	151
MEMO040/READ/MEMO040.R1.fastq.gz	MEMO040	FASTQ	DNA	2182838	293161455	35	134.3	151
MEMO040/READ/MEMO040.R2.fastq.gz	MEMO040	FASTQ	DNA	2182838	293076904	35	134.3	151
MEMO041/READ/MEMO041.R1.fastq.gz	MEMO041	FASTQ	DNA	1526464	196832998	35	128.9	151
MEMO041/READ/MEMO041.R2.fastq.gz	MEMO041	FASTQ	DNA	1526464	196828671	35	128.9	151
MEMO042/READ/MEMO042.R1.fastq.gz	MEMO042	FASTQ	DNA	1784722	232348425	35	130.2	151
MEMO042/READ/MEMO042.R2.fastq.gz	MEMO042	FASTQ	DNA	1784722	232330382	35	130.2	151
MEMO043/READ/MEMO043.R1.fastq.gz	MEMO043	FASTQ	DNA	1916704	248538096	35	129.7	151
MEMO043/READ/MEMO043.R2.fastq.gz	MEMO043	FASTQ	DNA	1916704	248523672	35	129.7	151
MEMO044/READ/MEMO044.R1.fastq.gz	MEMO044	FASTQ	DNA	2055263	216321318	35	105.3	151
MEMO044/READ/MEMO044.R2.fastq.gz	MEMO044	FASTQ	DNA	2055263	216533448	35	105.4	151
MEMO045/READ/MEMO045.R1.fastq.gz	MEMO045	FASTQ	DNA	2454399	309772761	35	126.2	151
MEMO045/READ/MEMO045.R2.fastq.gz	MEMO045	FASTQ	DNA	2454399	309824928	35	126.2	151
MEMO047/READ/MEMO047.R1.fastq.gz	MEMO047	FASTQ	DNA	2231947	271387633	35	121.6	151
MEMO047/READ/MEMO047.R2.fastq.gz	MEMO047	FASTQ	DNA	2231947	271549229	35	121.7	151
MEMO048/READ/MEMO048.R1.fastq.gz	MEMO048	FASTQ	DNA	2008050	262771962	35	130.9	151
MEMO048/READ/MEMO048.R2.fastq.gz	MEMO048	FASTQ	DNA	2008050	262740998	35	130.8	151
MEMO049/READ/MEMO049.R1.fastq.gz	MEMO049	FASTQ	DNA	2356117	317064386	35	134.6	151
MEMO049/READ/MEMO049.R2.fastq.gz	MEMO049	FASTQ	DNA	2356117	316957100	35	134.5	151
MEMO050/READ/MEMO050.R1.fastq.gz	MEMO050	FASTQ	DNA	3750656	436236480	35	116.3	151
MEMO050/READ/MEMO050.R2.fastq.gz	MEMO050	FASTQ	DNA	3750656	436462212	35	116.4	151
MEMO051/READ/MEMO051.R1.fastq.gz	MEMO051	FASTQ	DNA	2919856	317621112	35	108.8	151
MEMO051/READ/MEMO051.R2.fastq.gz	MEMO051	FASTQ	DNA	2919856	317919239	35	108.9	151
MEMO052/READ/MEMO052.R1.fastq.gz	MEMO052	FASTQ	DNA	2437582	294782431	35	120.9	151
MEMO052/READ/MEMO052.R2.fastq.gz	MEMO052	FASTQ	DNA	2437582	294874209	35	121.0	151
MEMO053/READ/MEMO053.R1.fastq.gz	MEMO053	FASTQ	DNA	2510583	314556445	35	125.3	151
MEMO053/READ/MEMO053.R2.fastq.gz	MEMO053	FASTQ	DNA	2510583	314442125	35	125.2	151
MEMO054/READ/MEMO054.R1.fastq.gz	MEMO054	FASTQ	DNA	2705968	367800625	35	135.9	151
MEMO054/READ/MEMO054.R2.fastq.gz	MEMO054	FASTQ	DNA	2705968	367600649	35	135.8	151
MEMO055/READ/MEMO055.R1.fastq.gz	MEMO055	FASTQ	DNA	2817146	358229807	35	127.2	151
MEMO055/READ/MEMO055.R2.fastq.gz	MEMO055	FASTQ	DNA	2817146	358068754	35	127.1	151
MEMO056/READ/MEMO056.R1.fastq.gz	MEMO056	FASTQ	DNA	2257121	248610592	35	110.1	151
MEMO056/READ/MEMO056.R2.fastq.gz	MEMO056	FASTQ	DNA	2257121	248872275	35	110.3	151
MEMO057/READ/MEMO057.R1.fastq.gz	MEMO057	FASTQ	DNA	2187010	279824390	35	127.9	151
MEMO057/READ/MEMO057.R2.fastq.gz	MEMO057	FASTQ	DNA	2187010	279839066	35	128.0	151
MEMO058/READ/MEMO058.R1.fastq.gz	MEMO058	FASTQ	DNA	2353071	255807336	35	108.7	151
MEMO058/READ/MEMO058.R2.fastq.gz	MEMO058	FASTQ	DNA	2353071	255951724	35	108.8	151
MEMO059/READ/MEMO059.R1.fastq.gz	MEMO059	FASTQ	DNA	2406962	279395120	35	116.1	151
MEMO059/READ/MEMO059.R2.fastq.gz	MEMO059	FASTQ	DNA	2406962	279414146	35	116.1	151
MEMO060/READ/MEMO060.R1.fastq.gz	MEMO060	FASTQ	DNA	2149690	257136131	35	119.6	151
MEMO060/READ/MEMO060.R2.fastq.gz	MEMO060	FASTQ	DNA	2149690	257144831	35	119.6	151
MEMO061/READ/MEMO061.R1.fastq.gz	MEMO061	FASTQ	DNA	2761695	298784616	35	108.2	151
MEMO061/READ/MEMO061.R2.fastq.gz	MEMO061	FASTQ	DNA	2761695	298950822	35	108.2	151
MEMO062/READ/MEMO062.R1.fastq.gz	MEMO062	FASTQ	DNA	2935163	323848100	35	110.3	151
MEMO062/READ/MEMO062.R2.fastq.gz	MEMO062	FASTQ	DNA	2935163	323884313	35	110.3	151
MEMO063/READ/MEMO063.R1.fastq.gz	MEMO063	FASTQ	DNA	3178147	345017475	35	108.6	151
MEMO063/READ/MEMO063.R2.fastq.gz	MEMO063	FASTQ	DNA	3178147	345162040	35	108.6	151
MEMO064/READ/MEMO064.R1.fastq.gz	MEMO064	FASTQ	DNA	2685983	280627852	35	104.5	151
MEMO064/READ/MEMO064.R2.fastq.gz	MEMO064	FASTQ	DNA	2685983	280836691	35	104.6	151
MEMO065/READ/MEMO065.R1.fastq.gz	MEMO065	FASTQ	DNA	2391676	283852095	35	118.7	151
MEMO065/READ/MEMO065.R2.fastq.gz	MEMO065	FASTQ	DNA	2391676	283964954	35	118.7	151
MEMO066/READ/MEMO066.R1.fastq.gz	MEMO066	FASTQ	DNA	2545397	257584169	35	101.2	151
MEMO066/READ/MEMO066.R2.fastq.gz	MEMO066	FASTQ	DNA	2545397	257811312	35	101.3	151
MEMO067/READ/MEMO067.R1.fastq.gz	MEMO067	FASTQ	DNA	3176757	343516663	35	108.1	151
MEMO067/READ/MEMO067.R2.fastq.gz	MEMO067	FASTQ	DNA	3176757	343777646	35	108.2	151
MEMO068/READ/MEMO068.R1.fastq.gz	MEMO068	FASTQ	DNA	2062996	243214650	35	117.9	151
MEMO068/READ/MEMO068.R2.fastq.gz	MEMO068	FASTQ	DNA	2062996	243238594	35	117.9	151
MEMO069/READ/MEMO069.R1.fastq.gz	MEMO069	FASTQ	DNA	2327408	263400720	35	113.2	151
MEMO069/READ/MEMO069.R2.fastq.gz	MEMO069	FASTQ	DNA	2327408	263522732	35	113.2	151
MEMO070/READ/MEMO070.R1.fastq.gz	MEMO070	FASTQ	DNA	2673650	287818545	35	107.7	151
MEMO070/READ/MEMO070.R2.fastq.gz	MEMO070	FASTQ	DNA	2673650	288008166	35	107.7	151
MEMO071/READ/MEMO071.R1.fastq.gz	MEMO071	FASTQ	DNA	2915454	343616381	35	117.9	151
MEMO071/READ/MEMO071.R2.fastq.gz	MEMO071	FASTQ	DNA	2915454	343607948	35	117.9	151
MEMO072/READ/MEMO072.R1.fastq.gz	MEMO072	FASTQ	DNA	2852060	290051654	35	101.7	151
MEMO072/READ/MEMO072.R2.fastq.gz	MEMO072	FASTQ	DNA	2852060	290384031	35	101.8	151
MEMO073/READ/MEMO073.R1.fastq.gz	MEMO073	FASTQ	DNA	2639965	298117450	35	112.9	151
MEMO073/READ/MEMO073.R2.fastq.gz	MEMO073	FASTQ	DNA	2639965	298286158	35	113.0	151
MEMO074/READ/MEMO074.R1.fastq.gz	MEMO074	FASTQ	DNA	3126762	379424970	35	121.3	151
MEMO074/READ/MEMO074.R2.fastq.gz	MEMO074	FASTQ	DNA	3126762	379668455	35	121.4	151
MEMO075/READ/MEMO075.R1.fastq.gz	MEMO075	FASTQ	DNA	3422741	400364250	35	117.0	151
MEMO075/READ/MEMO075.R2.fastq.gz	MEMO075	FASTQ	DNA	3422741	400602487	35	117.0	151
MEMO077/READ/MEMO077.R1.fastq.gz	MEMO077	FASTQ	DNA	2165173	224658095	35	103.8	151
MEMO077/READ/MEMO077.R2.fastq.gz	MEMO077	FASTQ	DNA	2165173	224844265	35	103.8	151
MEMO078/READ/MEMO078.R1.fastq.gz	MEMO078	FASTQ	DNA	2388540	290473486	35	121.6	151
MEMO078/READ/MEMO078.R2.fastq.gz	MEMO078	FASTQ	DNA	2388540	290462472	35	121.6	151
MEMO079/READ/MEMO079.R1.fastq.gz	MEMO079	FASTQ	DNA	2410969	280809111	35	116.5	151
MEMO079/READ/MEMO079.R2.fastq.gz	MEMO079	FASTQ	DNA	2410969	280830632	35	116.5	151
MEMO080/READ/MEMO080.R1.fastq.gz	MEMO080	FASTQ	DNA	2546225	324405955	35	127.4	151
MEMO080/READ/MEMO080.R2.fastq.gz	MEMO080	FASTQ	DNA	2546225	324293840	35	127.4	151
MEMO081/READ/MEMO081.R1.fastq.gz	MEMO081	FASTQ	DNA	3520984	397881776	35	113.0	151
MEMO081/READ/MEMO081.R2.fastq.gz	MEMO081	FASTQ	DNA	3520984	397996920	35	113.0	151
MEMO082/READ/MEMO082.R1.fastq.gz	MEMO082	FASTQ	DNA	3211549	359116177	35	111.8	151
MEMO082/READ/MEMO082.R2.fastq.gz	MEMO082	FASTQ	DNA	3211549	359346655	35	111.9	151
MEMO083/READ/MEMO083.R1.fastq.gz	MEMO083	FASTQ	DNA	2750202	321914867	35	117.1	151
MEMO083/READ/MEMO083.R2.fastq.gz	MEMO083	FASTQ	DNA	2750202	322114153	35	117.1	151
MEMO084/READ/MEMO084.R1.fastq.gz	MEMO084	FASTQ	DNA	2153548	235882291	35	109.5	151
MEMO084/READ/MEMO084.R2.fastq.gz	MEMO084	FASTQ	DNA	2153548	236091730	35	109.6	151
MEMO085/READ/MEMO085.R1.fastq.gz	MEMO085	FASTQ	DNA	2573722	305594690	35	118.7	151
MEMO085/READ/MEMO085.R2.fastq.gz	MEMO085	FASTQ	DNA	2573722	305760655	35	118.8	151
MEMO086/READ/MEMO086.R1.fastq.gz	MEMO086	FASTQ	DNA	2174736	282306421	35	129.8	151
MEMO086/READ/MEMO086.R2.fastq.gz	MEMO086	FASTQ	DNA	2174736	282169939	35	129.7	151
MEMO087/READ/MEMO087.R1.fastq.gz	MEMO087	FASTQ	DNA	6926221	829560979	35	119.8	151
MEMO087/READ/MEMO087.R2.fastq.gz	MEMO087	FASTQ	DNA	6926221	829710777	35	119.8	151
MEMO088/READ/MEMO088.R1.fastq.gz	MEMO088	FASTQ	DNA	4625627	468461480	35	101.3	151
MEMO088/READ/MEMO088.R2.fastq.gz	MEMO088	FASTQ	DNA	4625627	469664800	35	101.5	151
MEMO089/READ/MEMO089.R1.fastq.gz	MEMO089	FASTQ	DNA	5722730	661145907	35	115.5	151
MEMO089/READ/MEMO089.R2.fastq.gz	MEMO089	FASTQ	DNA	5722730	661342081	35	115.6	151
MEMO090/READ/MEMO090.R1.fastq.gz	MEMO090	FASTQ	DNA	2657156	271368536	35	102.1	151
MEMO090/READ/MEMO090.R2.fastq.gz	MEMO090	FASTQ	DNA	2657156	271616125	35	102.2	151
MEMO091/READ/MEMO091.R1.fastq.gz	MEMO091	FASTQ	DNA	2616709	272810625	35	104.3	151
MEMO091/READ/MEMO091.R2.fastq.gz	MEMO091	FASTQ	DNA	2616709	273008426	35	104.3	151
MEMO092/READ/MEMO092.R1.fastq.gz	MEMO092	FASTQ	DNA	2807391	307695340	35	109.6	151
MEMO092/READ/MEMO092.R2.fastq.gz	MEMO092	FASTQ	DNA	2807391	307933450	35	109.7	151
MEMO093/READ/MEMO093.R1.fastq.gz	MEMO093	FASTQ	DNA	2261597	271880949	35	120.2	151
MEMO093/READ/MEMO093.R2.fastq.gz	MEMO093	FASTQ	DNA	2261597	272048553	35	120.3	151
MEMO094/READ/MEMO094.R1.fastq.gz	MEMO094	FASTQ	DNA	2376062	252922687	35	106.4	151
MEMO094/READ/MEMO094.R2.fastq.gz	MEMO094	FASTQ	DNA	2376062	253174928	35	106.6	151
MEMO095/READ/MEMO095.R1.fastq.gz	MEMO095	FASTQ	DNA	2765407	317297666	35	114.7	151
MEMO095/READ/MEMO095.R2.fastq.gz	MEMO095	FASTQ	DNA	2765407	317463992	35	114.8	151
MEMO096/READ/MEMO096.R1.fastq.gz	MEMO096	FASTQ	DNA	2673236	301865947	35	112.9	151
MEMO096/READ/MEMO096.R2.fastq.gz	MEMO096	FASTQ	DNA	2673236	302105464	35	113.0	151
MEMO097/READ/MEMO097.R1.fastq.gz	MEMO097	FASTQ	DNA	3047345	353907952	35	116.1	151
MEMO097/READ/MEMO097.R2.fastq.gz	MEMO097	FASTQ	DNA	3047345	354092410	35	116.2	151
MEMO098/READ/MEMO098.R1.fastq.gz	MEMO098	FASTQ	DNA	2710450	292841222	35	108.0	151
MEMO098/READ/MEMO098.R2.fastq.gz	MEMO098	FASTQ	DNA	2710450	293283606	35	108.2	151
MEMO099/READ/MEMO099.R1.fastq.gz	MEMO099	FASTQ	DNA	2503845	262639501	35	104.9	151
MEMO099/READ/MEMO099.R2.fastq.gz	MEMO099	FASTQ	DNA	2503845	262831384	35	105.0	151
MEMO100/READ/MEMO100.R1.fastq.gz	MEMO100	FASTQ	DNA	3044329	324751391	35	106.7	151
MEMO100/READ/MEMO100.R2.fastq.gz	MEMO100	FASTQ	DNA	3044329	324886832	35	106.7	151
MEMO101/READ/MEMO101.R1.fastq.gz	MEMO101	FASTQ	DNA	2053796	227883326	35	111.0	151
MEMO101/READ/MEMO101.R2.fastq.gz	MEMO101	FASTQ	DNA	2053796	228034376	35	111.0	151
MEMO102/READ/MEMO102.R1.fastq.gz	MEMO102	FASTQ	DNA	1711831	206645464	35	120.7	151
MEMO102/READ/MEMO102.R2.fastq.gz	MEMO102	FASTQ	DNA	1711831	206537487	35	120.7	151
MEMO103/READ/MEMO103.R1.fastq.gz	MEMO103	FASTQ	DNA	2106597	229028106	35	108.7	151
MEMO103/READ/MEMO103.R2.fastq.gz	MEMO103	FASTQ	DNA	2106597	229126256	35	108.8	151
MEMO104/READ/MEMO104.R1.fastq.gz	MEMO104	FASTQ	DNA	2808559	303077702	35	107.9	151
MEMO104/READ/MEMO104.R2.fastq.gz	MEMO104	FASTQ	DNA	2808559	303223500	35	108.0	151
MEMO105/READ/MEMO105.R1.fastq.gz	MEMO105	FASTQ	DNA	2549307	290070965	35	113.8	151
MEMO105/READ/MEMO105.R2.fastq.gz	MEMO105	FASTQ	DNA	2549307	290170431	35	113.8	151
MEMO106/READ/MEMO106.R1.fastq.gz	MEMO106	FASTQ	DNA	2155363	236666499	35	109.8	151
MEMO106/READ/MEMO106.R2.fastq.gz	MEMO106	FASTQ	DNA	2155363	236831742	35	109.9	151
MEMO107/READ/MEMO107.R1.fastq.gz	MEMO107	FASTQ	DNA	2473298	263981564	35	106.7	151
MEMO107/READ/MEMO107.R2.fastq.gz	MEMO107	FASTQ	DNA	2473298	264157175	35	106.8	151
MEMO108/READ/MEMO108.R1.fastq.gz	MEMO108	FASTQ	DNA	3595573	454936812	35	126.5	151
MEMO108/READ/MEMO108.R2.fastq.gz	MEMO108	FASTQ	DNA	3595573	454880091	35	126.5	151
MEMO109/READ/MEMO109.R1.fastq.gz	MEMO109	FASTQ	DNA	3047828	334363874	35	109.7	151
MEMO109/READ/MEMO109.R2.fastq.gz	MEMO109	FASTQ	DNA	3047828	334704851	35	109.8	151
MEMO110/READ/MEMO110.R1.fastq.gz	MEMO110	FASTQ	DNA	3100781	329629909	35	106.3	151
MEMO110/READ/MEMO110.R2.fastq.gz	MEMO110	FASTQ	DNA	3100781	329992966	35	106.4	151
MEMO111/READ/MEMO111.R1.fastq.gz	MEMO111	FASTQ	DNA	3049048	362162772	35	118.8	151
MEMO111/READ/MEMO111.R2.fastq.gz	MEMO111	FASTQ	DNA	3049048	362303652	35	118.8	151
MEMO112/READ/MEMO112.R1.fastq.gz	MEMO112	FASTQ	DNA	3561540	435509768	35	122.3	151
MEMO112/READ/MEMO112.R2.fastq.gz	MEMO112	FASTQ	DNA	3561540	435509454	35	122.3	151
MEMO113/READ/MEMO113.R1.fastq.gz	MEMO113	FASTQ	DNA	3282842	358658921	35	109.3	151
MEMO113/READ/MEMO113.R2.fastq.gz	MEMO113	FASTQ	DNA	3282842	358930338	35	109.3	151
MEMO115/READ/MEMO115.R1.fastq.gz	MEMO115	FASTQ	DNA	3015885	371442874	35	123.2	151
MEMO115/READ/MEMO115.R2.fastq.gz	MEMO115	FASTQ	DNA	3015885	371422919	35	123.2	151
MEMO116/READ/MEMO116.R1.fastq.gz	MEMO116	FASTQ	DNA	3454793	415142104	35	120.2	151
MEMO116/READ/MEMO116.R2.fastq.gz	MEMO116	FASTQ	DNA	3454793	415075437	35	120.1	151
MEMO117/READ/MEMO117.R1.fastq.gz	MEMO117	FASTQ	DNA	2750748	292002377	35	106.2	151
MEMO117/READ/MEMO117.R2.fastq.gz	MEMO117	FASTQ	DNA	2750748	292127213	35	106.2	151
MEMO118/READ/MEMO118.R1.fastq.gz	MEMO118	FASTQ	DNA	2416461	313214071	35	129.6	151
MEMO118/READ/MEMO118.R2.fastq.gz	MEMO118	FASTQ	DNA	2416461	313112788	35	129.6	151
MEMO119/READ/MEMO119.R1.fastq.gz	MEMO119	FASTQ	DNA	2142942	270866952	35	126.4	151
MEMO119/READ/MEMO119.R2.fastq.gz	MEMO119	FASTQ	DNA	2142942	270737822	35	126.3	151
MEMO120/READ/MEMO120.R1.fastq.gz	MEMO120	FASTQ	DNA	2534786	303881694	35	119.9	151
MEMO120/READ/MEMO120.R2.fastq.gz	MEMO120	FASTQ	DNA	2534786	303983202	35	119.9	151
MEMO121/READ/MEMO121.R1.fastq.gz	MEMO121	FASTQ	DNA	3570468	422365439	35	118.3	151
MEMO121/READ/MEMO121.R2.fastq.gz	MEMO121	FASTQ	DNA	3570468	422392963	35	118.3	151
MEMO122/READ/MEMO122.R1.fastq.gz	MEMO122	FASTQ	DNA	2837326	334151526	35	117.8	151
MEMO122/READ/MEMO122.R2.fastq.gz	MEMO122	FASTQ	DNA	2837326	334410800	35	117.9	151
MEMO123/READ/MEMO123.R1.fastq.gz	MEMO123	FASTQ	DNA	2873221	352021396	35	122.5	151
MEMO123/READ/MEMO123.R2.fastq.gz	MEMO123	FASTQ	DNA	2873221	352067937	35	122.5	151
MEMO124/READ/MEMO124.R1.fastq.gz	MEMO124	FASTQ	DNA	2078868	241956376	35	116.4	151
MEMO124/READ/MEMO124.R2.fastq.gz	MEMO124	FASTQ	DNA	2078868	242108801	35	116.5	151
MEMO125/READ/MEMO125.R1.fastq.gz	MEMO125	FASTQ	DNA	2634591	316694546	35	120.2	151
MEMO125/READ/MEMO125.R2.fastq.gz	MEMO125	FASTQ	DNA	2634591	316687032	35	120.2	151
MEMO126/READ/MEMO126.R1.fastq.gz	MEMO126	FASTQ	DNA	2620663	296190459	35	113.0	151
MEMO126/READ/MEMO126.R2.fastq.gz	MEMO126	FASTQ	DNA	2620663	296192361	35	113.0	151
MEMO127/READ/MEMO127.R1.fastq.gz	MEMO127	FASTQ	DNA	3414274	396456842	35	116.1	151
MEMO127/READ/MEMO127.R2.fastq.gz	MEMO127	FASTQ	DNA	3414274	396554764	35	116.1	151
MEMO128/READ/MEMO128.R1.fastq.gz	MEMO128	FASTQ	DNA	2572336	300138512	35	116.7	151
MEMO128/READ/MEMO128.R2.fastq.gz	MEMO128	FASTQ	DNA	2572336	300147631	35	116.7	151
MEMO129/READ/MEMO129.R1.fastq.gz	MEMO129	FASTQ	DNA	3017793	386514315	35	128.1	151
MEMO129/READ/MEMO129.R2.fastq.gz	MEMO129	FASTQ	DNA	3017793	386444557	35	128.1	151
MEMO130/READ/MEMO130.R1.fastq.gz	MEMO130	FASTQ	DNA	3064633	358018104	35	116.8	151
MEMO130/READ/MEMO130.R2.fastq.gz	MEMO130	FASTQ	DNA	3064633	358083638	35	116.8	151
MEMO131/READ/MEMO131.R1.fastq.gz	MEMO131	FASTQ	DNA	3043679	379021846	35	124.5	151
MEMO131/READ/MEMO131.R2.fastq.gz	MEMO131	FASTQ	DNA	3043679	378882315	35	124.5	151
MEMO132/READ/MEMO132.R1.fastq.gz	MEMO132	FASTQ	DNA	2956471	345562825	35	116.9	151
MEMO132/READ/MEMO132.R2.fastq.gz	MEMO132	FASTQ	DNA	2956471	345525784	35	116.9	151
MEMO133/READ/MEMO133.R1.fastq.gz	MEMO133	FASTQ	DNA	4005038	465362396	35	116.2	151
MEMO133/READ/MEMO133.R2.fastq.gz	MEMO133	FASTQ	DNA	4005038	465434333	35	116.2	151
MEMO134/READ/MEMO134.R1.fastq.gz	MEMO134	FASTQ	DNA	2864798	319332002	35	111.5	151
MEMO134/READ/MEMO134.R2.fastq.gz	MEMO134	FASTQ	DNA	2864798	319420223	35	111.5	151
MEMO135/READ/MEMO135.R1.fastq.gz	MEMO135	FASTQ	DNA	2471549	263283695	35	106.5	151
MEMO135/READ/MEMO135.R2.fastq.gz	MEMO135	FASTQ	DNA	2471549	263380473	35	106.6	151
MEMO136/READ/MEMO136.R1.fastq.gz	MEMO136	FASTQ	DNA	2181943	268774271	35	123.2	151
MEMO136/READ/MEMO136.R2.fastq.gz	MEMO136	FASTQ	DNA	2181943	268766829	35	123.2	151
MEMO137/READ/MEMO137.R1.fastq.gz	MEMO137	FASTQ	DNA	2305005	263401248	35	114.3	151
MEMO137/READ/MEMO137.R2.fastq.gz	MEMO137	FASTQ	DNA	2305005	263515096	35	114.3	151
MEMO138/READ/MEMO138.R1.fastq.gz	MEMO138	FASTQ	DNA	3536001	402699751	35	113.9	151
MEMO138/READ/MEMO138.R2.fastq.gz	MEMO138	FASTQ	DNA	3536001	402845888	35	113.9	151
MEMO139/READ/MEMO139.R1.fastq.gz	MEMO139	FASTQ	DNA	2843350	343781386	35	120.9	151
MEMO139/READ/MEMO139.R2.fastq.gz	MEMO139	FASTQ	DNA	2843350	343732707	35	120.9	151
MEMO140/READ/MEMO140.R1.fastq.gz	MEMO140	FASTQ	DNA	2702694	300618307	35	111.2	151
MEMO140/READ/MEMO140.R2.fastq.gz	MEMO140	FASTQ	DNA	2702694	300683394	35	111.3	151
MEMO141/READ/MEMO141.R1.fastq.gz	MEMO141	FASTQ	DNA	3166218	398352784	35	125.8	151
MEMO141/READ/MEMO141.R2.fastq.gz	MEMO141	FASTQ	DNA	3166218	398274122	35	125.8	151
MEMO142/READ/MEMO142.R1.fastq.gz	MEMO142	FASTQ	DNA	2683950	338914418	35	126.3	151
MEMO142/READ/MEMO142.R2.fastq.gz	MEMO142	FASTQ	DNA	2683950	338883252	35	126.3	151
MEMO143/READ/MEMO143.R1.fastq.gz	MEMO143	FASTQ	DNA	2892350	387582035	35	134.0	151
MEMO143/READ/MEMO143.R2.fastq.gz	MEMO143	FASTQ	DNA	2892350	387452118	35	134.0	151
MEMO144/READ/MEMO144.R1.fastq.gz	MEMO144	FASTQ	DNA	2957033	319669698	35	108.1	151
MEMO144/READ/MEMO144.R2.fastq.gz	MEMO144	FASTQ	DNA	2957033	319841799	35	108.2	151
MEMO145/READ/MEMO145.R1.fastq.gz	MEMO145	FASTQ	DNA	2712107	311151982	35	114.7	151
MEMO145/READ/MEMO145.R2.fastq.gz	MEMO145	FASTQ	DNA	2712107	311280520	35	114.8	151
MEMO146/READ/MEMO146.R1.fastq.gz	MEMO146	FASTQ	DNA	2166906	245794461	35	113.4	151
MEMO146/READ/MEMO146.R2.fastq.gz	MEMO146	FASTQ	DNA	2166906	245983218	35	113.5	151
MEMO147/READ/MEMO147.R1.fastq.gz	MEMO147	FASTQ	DNA	2925387	316162733	35	108.1	151
MEMO147/READ/MEMO147.R2.fastq.gz	MEMO147	FASTQ	DNA	2925387	316424401	35	108.2	151
MEMO148/READ/MEMO148.R1.fastq.gz	MEMO148	FASTQ	DNA	2522203	266960791	35	105.8	151
MEMO148/READ/MEMO148.R2.fastq.gz	MEMO148	FASTQ	DNA	2522203	267104543	35	105.9	151
MEMO149/READ/MEMO149.R1.fastq.gz	MEMO149	FASTQ	DNA	3035231	347948615	35	114.6	151
MEMO149/READ/MEMO149.R2.fastq.gz	MEMO149	FASTQ	DNA	3035231	348051805	35	114.7	151
NEMO01/READ/NEMO01.R1.fastq.gz	NEMO01	FASTQ	DNA	1807939	220393099	35	121.9	151
NEMO01/READ/NEMO01.R2.fastq.gz	NEMO01	FASTQ	DNA	1807939	220433263	35	121.9	151
NEMO02/READ/NEMO02.R1.fastq.gz	NEMO02	FASTQ	DNA	939571	106710498	35	113.6	151
NEMO02/READ/NEMO02.R2.fastq.gz	NEMO02	FASTQ	DNA	939571	106767017	35	113.6	151
NEMO03/READ/NEMO03.R1.fastq.gz	NEMO03	FASTQ	DNA	3038089	372880564	35	122.7	151
NEMO03/READ/NEMO03.R2.fastq.gz	NEMO03	FASTQ	DNA	3038089	372959640	35	122.8	151
NEMO04/READ/NEMO04.R1.fastq.gz	NEMO04	FASTQ	DNA	1558533	189683428	35	121.7	151
NEMO04/READ/NEMO04.R2.fastq.gz	NEMO04	FASTQ	DNA	1558533	189691107	35	121.7	151
NEMO05/READ/NEMO05.R1.fastq.gz	NEMO05	FASTQ	DNA	1189319	131885526	35	110.9	151
NEMO05/READ/NEMO05.R2.fastq.gz	NEMO05	FASTQ	DNA	1189319	131945277	35	110.9	151
NEMO06/READ/NEMO06.R1.fastq.gz	NEMO06	FASTQ	DNA	2644361	318987676	35	120.6	151
NEMO06/READ/NEMO06.R2.fastq.gz	NEMO06	FASTQ	DNA	2644361	319086162	35	120.7	151
NEMO07/READ/NEMO07.R1.fastq.gz	NEMO07	FASTQ	DNA	1747868	201766134	35	115.4	151
NEMO07/READ/NEMO07.R2.fastq.gz	NEMO07	FASTQ	DNA	1747868	201958622	35	115.5	151
NEMO08/READ/NEMO08.R1.fastq.gz	NEMO08	FASTQ	DNA	3329896	394179309	35	118.4	151
NEMO08/READ/NEMO08.R2.fastq.gz	NEMO08	FASTQ	DNA	3329896	394399175	35	118.4	151
NEMO09/READ/NEMO09.R1.fastq.gz	NEMO09	FASTQ	DNA	1112482	125888667	35	113.2	151
NEMO09/READ/NEMO09.R2.fastq.gz	NEMO09	FASTQ	DNA	1112482	125978830	35	113.2	151
NEMO10/READ/NEMO10.R1.fastq.gz	NEMO10	FASTQ	DNA	1392069	168029720	35	120.7	151
NEMO10/READ/NEMO10.R2.fastq.gz	NEMO10	FASTQ	DNA	1392069	168095353	35	120.8	151
NEMO11/READ/NEMO11.R1.fastq.gz	NEMO11	FASTQ	DNA	2447336	299311395	35	122.3	151
NEMO11/READ/NEMO11.R2.fastq.gz	NEMO11	FASTQ	DNA	2447336	299298071	35	122.3	151
NEMO12/READ/NEMO12.R1.fastq.gz	NEMO12	FASTQ	DNA	1782240	197002085	35	110.5	151
NEMO12/READ/NEMO12.R2.fastq.gz	NEMO12	FASTQ	DNA	1782240	197144127	35	110.6	151
NEMO13/READ/NEMO13.R1.fastq.gz	NEMO13	FASTQ	DNA	4113416	553029228	35	134.4	151
NEMO13/READ/NEMO13.R2.fastq.gz	NEMO13	FASTQ	DNA	4113416	553025727	35	134.4	151
NEMO14/READ/NEMO14.R1.fastq.gz	NEMO14	FASTQ	DNA	3242436	419693760	35	129.4	151
NEMO14/READ/NEMO14.R2.fastq.gz	NEMO14	FASTQ	DNA	3242436	419749525	35	129.5	151
NEMO15/READ/NEMO15.R1.fastq.gz	NEMO15	FASTQ	DNA	6007864	765079535	35	127.3	151
NEMO15/READ/NEMO15.R2.fastq.gz	NEMO15	FASTQ	DNA	6007864	765060475	35	127.3	151
NEMO16/READ/NEMO16.R1.fastq.gz	NEMO16	FASTQ	DNA	5039170	649585194	35	128.9	151
NEMO16/READ/NEMO16.R2.fastq.gz	NEMO16	FASTQ	DNA	5039170	649570396	35	128.9	151
NEMO17/READ/NEMO17.R1.fastq.gz	NEMO17	FASTQ	DNA	2217326	268670653	35	121.2	151
NEMO17/READ/NEMO17.R2.fastq.gz	NEMO17	FASTQ	DNA	2217326	268678323	35	121.2	151
NEMO18/READ/NEMO18.R1.fastq.gz	NEMO18	FASTQ	DNA	2830635	364564057	35	128.8	151
NEMO18/READ/NEMO18.R2.fastq.gz	NEMO18	FASTQ	DNA	2830635	364580118	35	128.8	151
NEMO19/READ/NEMO19.R1.fastq.gz	NEMO19	FASTQ	DNA	2680561	336258406	35	125.4	151
NEMO19/READ/NEMO19.R2.fastq.gz	NEMO19	FASTQ	DNA	2680561	336315002	35	125.5	151
NEMO20/READ/NEMO20.R1.fastq.gz	NEMO20	FASTQ	DNA	3118637	396798514	35	127.2	151
NEMO20/READ/NEMO20.R2.fastq.gz	NEMO20	FASTQ	DNA	3118637	396749315	35	127.2	151
NEMO21/READ/NEMO21.R1.fastq.gz	NEMO21	FASTQ	DNA	4640225	588019809	35	126.7	151
NEMO21/READ/NEMO21.R2.fastq.gz	NEMO21	FASTQ	DNA	4640225	588073351	35	126.7	151
NEMO22/READ/NEMO22.R1.fastq.gz	NEMO22	FASTQ	DNA	1853342	219846615	35	118.6	151
NEMO22/READ/NEMO22.R2.fastq.gz	NEMO22	FASTQ	DNA	1853342	219926302	35	118.7	151
NEMO23/READ/NEMO23.R1.fastq.gz	NEMO23	FASTQ	DNA	4310914	518038358	35	120.2	151
NEMO23/READ/NEMO23.R2.fastq.gz	NEMO23	FASTQ	DNA	4310914	518256702	35	120.2	151
NEMO24/READ/NEMO24.R1.fastq.gz	NEMO24	FASTQ	DNA	2096620	253757689	35	121.0	151
NEMO24/READ/NEMO24.R2.fastq.gz	NEMO24	FASTQ	DNA	2096620	253854869	35	121.1	151
NEMO25/READ/NEMO25.R1.fastq.gz	NEMO25	FASTQ	DNA	2638087	327754781	35	124.2	151
NEMO25/READ/NEMO25.R2.fastq.gz	NEMO25	FASTQ	DNA	2638087	327801645	35	124.3	151
NEMO26/READ/NEMO26.R1.fastq.gz	NEMO26	FASTQ	DNA	2684028	319031209	35	118.9	151
NEMO26/READ/NEMO26.R2.fastq.gz	NEMO26	FASTQ	DNA	2684028	319229943	35	118.9	151
NEMO27/READ/NEMO27.R1.fastq.gz	NEMO27	FASTQ	DNA	2884272	356131788	35	123.5	151
NEMO27/READ/NEMO27.R2.fastq.gz	NEMO27	FASTQ	DNA	2884272	356149500	35	123.5	151
NEMO28/READ/NEMO28.R1.fastq.gz	NEMO28	FASTQ	DNA	2412693	295713991	35	122.6	151
NEMO28/READ/NEMO28.R2.fastq.gz	NEMO28	FASTQ	DNA	2412693	295783401	35	122.6	151
NEMO29/READ/NEMO29.R1.fastq.gz	NEMO29	FASTQ	DNA	3364506	409823872	35	121.8	151
NEMO29/READ/NEMO29.R2.fastq.gz	NEMO29	FASTQ	DNA	3364506	409935714	35	121.8	151
NEMO30/READ/NEMO30.R1.fastq.gz	NEMO30	FASTQ	DNA	1759197	208970633	35	118.8	151
NEMO30/READ/NEMO30.R2.fastq.gz	NEMO30	FASTQ	DNA	1759197	209061669	35	118.8	151
NEMO31/READ/NEMO31.R1.fastq.gz	NEMO31	FASTQ	DNA	3721842	477820526	35	128.4	151
NEMO31/READ/NEMO31.R2.fastq.gz	NEMO31	FASTQ	DNA	3721842	477864100	35	128.4	151
NEMO32/READ/NEMO32.R1.fastq.gz	NEMO32	FASTQ	DNA	3873868	488873086	35	126.2	151
NEMO32/READ/NEMO32.R2.fastq.gz	NEMO32	FASTQ	DNA	3873868	488849307	35	126.2	151
NEMO33/READ/NEMO33.R1.fastq.gz	NEMO33	FASTQ	DNA	4301415	560220237	35	130.2	151
NEMO33/READ/NEMO33.R2.fastq.gz	NEMO33	FASTQ	DNA	4301415	560146118	35	130.2	151
NEMO34/READ/NEMO34.R1.fastq.gz	NEMO34	FASTQ	DNA	3537960	466043237	35	131.7	151
NEMO34/READ/NEMO34.R2.fastq.gz	NEMO34	FASTQ	DNA	3537960	465962322	35	131.7	151
NEMO35/READ/NEMO35.R1.fastq.gz	NEMO35	FASTQ	DNA	4559221	591293707	35	129.7	151
NEMO35/READ/NEMO35.R2.fastq.gz	NEMO35	FASTQ	DNA	4559221	591251270	35	129.7	151
NEMO36/READ/NEMO36.R1.fastq.gz	NEMO36	FASTQ	DNA	2758815	327968601	35	118.9	151
NEMO36/READ/NEMO36.R2.fastq.gz	NEMO36	FASTQ	DNA	2758815	328048950	35	118.9	151
NEMO37/READ/NEMO37.R1.fastq.gz	NEMO37	FASTQ	DNA	3439187	455049687	35	132.3	151
NEMO37/READ/NEMO37.R2.fastq.gz	NEMO37	FASTQ	DNA	3439187	454955074	35	132.3	151
NEMO38/READ/NEMO38.R1.fastq.gz	NEMO38	FASTQ	DNA	1473877	181517778	35	123.2	151
NEMO38/READ/NEMO38.R2.fastq.gz	NEMO38	FASTQ	DNA	1473877	181524712	35	123.2	151
NEMO40/READ/NEMO40.R1.fastq.gz	NEMO40	FASTQ	DNA	5555570	708873142	35	127.6	151
NEMO40/READ/NEMO40.R2.fastq.gz	NEMO40	FASTQ	DNA	5555570	708814547	35	127.6	151
NEMO41/READ/NEMO41.R1.fastq.gz	NEMO41	FASTQ	DNA	1041081	125947692	35	121.0	151
NEMO41/READ/NEMO41.R2.fastq.gz	NEMO41	FASTQ	DNA	1041081	126004601	35	121.0	151
NEMO42/READ/NEMO42.R1.fastq.gz	NEMO42	FASTQ	DNA	1787321	208226628	35	116.5	151
NEMO42/READ/NEMO42.R2.fastq.gz	NEMO42	FASTQ	DNA	1787321	208377488	35	116.6	151
NEMO43/READ/NEMO43.R1.fastq.gz	NEMO43	FASTQ	DNA	1675087	206683292	35	123.4	151
NEMO43/READ/NEMO43.R2.fastq.gz	NEMO43	FASTQ	DNA	1675087	206708518	35	123.4	151
NEMO44/READ/NEMO44.R1.fastq.gz	NEMO44	FASTQ	DNA	3183006	358991830	35	112.8	151
NEMO44/READ/NEMO44.R2.fastq.gz	NEMO44	FASTQ	DNA	3183006	359197547	35	112.8	151
NEMO45/READ/NEMO45.R1.fastq.gz	NEMO45	FASTQ	DNA	1959258	264557967	35	135.0	151
NEMO45/READ/NEMO45.R2.fastq.gz	NEMO45	FASTQ	DNA	1959258	264491134	35	135.0	151
NEMO46/READ/NEMO46.R1.fastq.gz	NEMO46	FASTQ	DNA	3543138	462588730	35	130.6	151
NEMO46/READ/NEMO46.R2.fastq.gz	NEMO46	FASTQ	DNA	3543138	462579537	35	130.6	151
NEMO47/READ/NEMO47.R1.fastq.gz	NEMO47	FASTQ	DNA	1453373	182716916	35	125.7	151
NEMO47/READ/NEMO47.R2.fastq.gz	NEMO47	FASTQ	DNA	1453373	182740095	35	125.7	151
NEMO48/READ/NEMO48.R1.fastq.gz	NEMO48	FASTQ	DNA	3017483	368270182	35	122.0	151
NEMO48/READ/NEMO48.R2.fastq.gz	NEMO48	FASTQ	DNA	3017483	368373789	35	122.1	151
NEMO49/READ/NEMO49.R1.fastq.gz	NEMO49	FASTQ	DNA	2035350	237775005	35	116.8	151
NEMO49/READ/NEMO49.R2.fastq.gz	NEMO49	FASTQ	DNA	2035350	237862474	35	116.9	151
NEMO50/READ/NEMO50.R1.fastq.gz	NEMO50	FASTQ	DNA	1711724	214245690	35	125.2	151
NEMO50/READ/NEMO50.R2.fastq.gz	NEMO50	FASTQ	DNA	1711724	214323565	35	125.2	151
NEMO51/READ/NEMO51.R1.fastq.gz	NEMO51	FASTQ	DNA	2456894	319608504	35	130.1	151
NEMO51/READ/NEMO51.R2.fastq.gz	NEMO51	FASTQ	DNA	2456894	319564830	35	130.1	151
NEMO52/READ/NEMO52.R1.fastq.gz	NEMO52	FASTQ	DNA	2769508	356012331	35	128.5	151
NEMO52/READ/NEMO52.R2.fastq.gz	NEMO52	FASTQ	DNA	2769508	355963280	35	128.5	151
NEMO53/READ/NEMO53.R1.fastq.gz	NEMO53	FASTQ	DNA	3899710	498928896	35	127.9	151
NEMO53/READ/NEMO53.R2.fastq.gz	NEMO53	FASTQ	DNA	3899710	498984899	35	128.0	151
NEMO54/READ/NEMO54.R1.fastq.gz	NEMO54	FASTQ	DNA	4566598	596437178	35	130.6	151
NEMO54/READ/NEMO54.R2.fastq.gz	NEMO54	FASTQ	DNA	4566598	596478693	35	130.6	151	